<?xml version="1.0" encoding="utf-8"?>
<penmanuf_data><meta><autoIncrement>1</autoIncrement></meta><data><row><id>1</id><SID>1</SID><FDH_Man_1_2019>100</FDH_Man_1_2019><FDH_Man_1_2020>100</FDH_Man_1_2020><FDH_Man_1_2021>100</FDH_Man_1_2021><FDH_Man_1_2022>100</FDH_Man_1_2022><FDH_Man_1_2023>100</FDH_Man_1_2023><FDH_Man_1_2024>100</FDH_Man_1_2024><FDH_Man_1_2025>100</FDH_Man_1_2025><FDH_Man_1_2026>100</FDH_Man_1_2026><FDH_Man_1_2027>100</FDH_Man_1_2027><FDH_Man_1_2028>100</FDH_Man_1_2028><FDH_Man_1_2029>100</FDH_Man_1_2029><FDH_Man_1_2030>100</FDH_Man_1_2030><FDH_Man_1_2031>100</FDH_Man_1_2031><FDH_Man_1_2032>100</FDH_Man_1_2032><FDH_Man_1_2033>100</FDH_Man_1_2033><FDH_Man_1_2034>100</FDH_Man_1_2034><FDH_Man_1_2035>100</FDH_Man_1_2035><FDH_Man_1_2036>100</FDH_Man_1_2036><FDH_Man_1_2037>100</FDH_Man_1_2037><FDH_Man_1_2038>100</FDH_Man_1_2038><FDH_Man_1_2039>100</FDH_Man_1_2039><FDH_Man_1_2040>100</FDH_Man_1_2040><FDH_Man_1_2041>100</FDH_Man_1_2041><FDH_Man_1_2042>100</FDH_Man_1_2042><FDH_Man_1_2043>100</FDH_Man_1_2043><FDH_Man_1_2044>100</FDH_Man_1_2044><FDH_Man_1_2045>100</FDH_Man_1_2045><FDH_Man_1_2046>100</FDH_Man_1_2046><FDH_Man_1_2047>100</FDH_Man_1_2047><FDH_Man_1_2048>100</FDH_Man_1_2048><FDH_Man_1_2049>100</FDH_Man_1_2049><FDH_Man_1_2050>100</FDH_Man_1_2050><FDH_Man_1_2051>100</FDH_Man_1_2051><FDH_Man_1_2052>100</FDH_Man_1_2052><FDH_Man_1_2053>100</FDH_Man_1_2053><FDH_Man_1_2054>100</FDH_Man_1_2054><FDH_Man_1_2055>100</FDH_Man_1_2055><FDH_Man_1_2056>100</FDH_Man_1_2056><FDH_Man_1_2057>100</FDH_Man_1_2057><FDH_Man_1_2058>100</FDH_Man_1_2058><FDH_Man_1_2059>100</FDH_Man_1_2059><FDH_Man_1_2060>100</FDH_Man_1_2060><FDH_Man_1_2061>100</FDH_Man_1_2061><FDH_Man_1_2062>100</FDH_Man_1_2062><FDH_Man_1_2063>100</FDH_Man_1_2063><FDH_Man_1_2064>100</FDH_Man_1_2064><FDH_Man_1_2065>100</FDH_Man_1_2065><FDH_Man_1_2066>100</FDH_Man_1_2066><FDH_Man_1_2067>100</FDH_Man_1_2067><FDH_Man_1_2068>100</FDH_Man_1_2068><FDH_Man_1_2069>100</FDH_Man_1_2069><FDH_Man_1_2070>100</FDH_Man_1_2070><Man_1_TF_FDH_2019></Man_1_TF_FDH_2019><Man_1_TF_FDH_2020></Man_1_TF_FDH_2020><Man_1_TF_FDH_2021></Man_1_TF_FDH_2021><Man_1_TF_FDH_2022></Man_1_TF_FDH_2022><Man_1_TF_FDH_2023></Man_1_TF_FDH_2023><Man_1_TF_FDH_2024></Man_1_TF_FDH_2024><Man_1_TF_FDH_2025></Man_1_TF_FDH_2025><Man_1_TF_FDH_2026></Man_1_TF_FDH_2026><Man_1_TF_FDH_2027></Man_1_TF_FDH_2027><Man_1_TF_FDH_2028></Man_1_TF_FDH_2028><Man_1_TF_FDH_2029></Man_1_TF_FDH_2029><Man_1_TF_FDH_2030></Man_1_TF_FDH_2030><Man_1_TF_FDH_2031></Man_1_TF_FDH_2031><Man_1_TF_FDH_2032></Man_1_TF_FDH_2032><Man_1_TF_FDH_2033></Man_1_TF_FDH_2033><Man_1_TF_FDH_2034></Man_1_TF_FDH_2034><Man_1_TF_FDH_2035></Man_1_TF_FDH_2035><Man_1_TF_FDH_2036></Man_1_TF_FDH_2036><Man_1_TF_FDH_2037></Man_1_TF_FDH_2037><Man_1_TF_FDH_2038></Man_1_TF_FDH_2038><Man_1_TF_FDH_2039></Man_1_TF_FDH_2039><Man_1_TF_FDH_2040></Man_1_TF_FDH_2040><Man_1_TF_FDH_2041></Man_1_TF_FDH_2041><Man_1_TF_FDH_2042></Man_1_TF_FDH_2042><Man_1_TF_FDH_2043></Man_1_TF_FDH_2043><Man_1_TF_FDH_2044></Man_1_TF_FDH_2044><Man_1_TF_FDH_2045></Man_1_TF_FDH_2045><Man_1_TF_FDH_2046></Man_1_TF_FDH_2046><Man_1_TF_FDH_2047></Man_1_TF_FDH_2047><Man_1_TF_FDH_2048></Man_1_TF_FDH_2048><Man_1_TF_FDH_2049></Man_1_TF_FDH_2049><Man_1_TF_FDH_2050></Man_1_TF_FDH_2050><Man_1_TF_FDH_2051></Man_1_TF_FDH_2051><Man_1_TF_FDH_2052></Man_1_TF_FDH_2052><Man_1_TF_FDH_2053></Man_1_TF_FDH_2053><Man_1_TF_FDH_2054></Man_1_TF_FDH_2054><Man_1_TF_FDH_2055></Man_1_TF_FDH_2055><Man_1_TF_FDH_2056></Man_1_TF_FDH_2056><Man_1_TF_FDH_2057></Man_1_TF_FDH_2057><Man_1_TF_FDH_2058></Man_1_TF_FDH_2058><Man_1_TF_FDH_2059></Man_1_TF_FDH_2059><Man_1_TF_FDH_2060></Man_1_TF_FDH_2060><Man_1_TF_FDH_2061></Man_1_TF_FDH_2061><Man_1_TF_FDH_2062></Man_1_TF_FDH_2062><Man_1_TF_FDH_2063></Man_1_TF_FDH_2063><Man_1_TF_FDH_2064></Man_1_TF_FDH_2064><Man_1_TF_FDH_2065></Man_1_TF_FDH_2065><Man_1_TF_FDH_2066></Man_1_TF_FDH_2066><Man_1_TF_FDH_2067></Man_1_TF_FDH_2067><Man_1_TF_FDH_2068></Man_1_TF_FDH_2068><Man_1_TF_FDH_2069></Man_1_TF_FDH_2069><Man_1_TF_FDH_2070></Man_1_TF_FDH_2070><Man_1_MB_FDH_2019></Man_1_MB_FDH_2019><Man_1_MB_FDH_2020></Man_1_MB_FDH_2020><Man_1_MB_FDH_2021></Man_1_MB_FDH_2021><Man_1_MB_FDH_2022></Man_1_MB_FDH_2022><Man_1_MB_FDH_2023></Man_1_MB_FDH_2023><Man_1_MB_FDH_2024></Man_1_MB_FDH_2024><Man_1_MB_FDH_2025></Man_1_MB_FDH_2025><Man_1_MB_FDH_2026></Man_1_MB_FDH_2026><Man_1_MB_FDH_2027></Man_1_MB_FDH_2027><Man_1_MB_FDH_2028></Man_1_MB_FDH_2028><Man_1_MB_FDH_2029></Man_1_MB_FDH_2029><Man_1_MB_FDH_2030></Man_1_MB_FDH_2030><Man_1_MB_FDH_2031></Man_1_MB_FDH_2031><Man_1_MB_FDH_2032></Man_1_MB_FDH_2032><Man_1_MB_FDH_2033></Man_1_MB_FDH_2033><Man_1_MB_FDH_2034></Man_1_MB_FDH_2034><Man_1_MB_FDH_2035></Man_1_MB_FDH_2035><Man_1_MB_FDH_2036></Man_1_MB_FDH_2036><Man_1_MB_FDH_2037></Man_1_MB_FDH_2037><Man_1_MB_FDH_2038></Man_1_MB_FDH_2038><Man_1_MB_FDH_2039></Man_1_MB_FDH_2039><Man_1_MB_FDH_2040></Man_1_MB_FDH_2040><Man_1_MB_FDH_2041></Man_1_MB_FDH_2041><Man_1_MB_FDH_2042></Man_1_MB_FDH_2042><Man_1_MB_FDH_2043></Man_1_MB_FDH_2043><Man_1_MB_FDH_2044></Man_1_MB_FDH_2044><Man_1_MB_FDH_2045></Man_1_MB_FDH_2045><Man_1_MB_FDH_2046></Man_1_MB_FDH_2046><Man_1_MB_FDH_2047></Man_1_MB_FDH_2047><Man_1_MB_FDH_2048></Man_1_MB_FDH_2048><Man_1_MB_FDH_2049></Man_1_MB_FDH_2049><Man_1_MB_FDH_2050></Man_1_MB_FDH_2050><Man_1_MB_FDH_2051></Man_1_MB_FDH_2051><Man_1_MB_FDH_2052></Man_1_MB_FDH_2052><Man_1_MB_FDH_2053></Man_1_MB_FDH_2053><Man_1_MB_FDH_2054></Man_1_MB_FDH_2054><Man_1_MB_FDH_2055></Man_1_MB_FDH_2055><Man_1_MB_FDH_2056></Man_1_MB_FDH_2056><Man_1_MB_FDH_2057></Man_1_MB_FDH_2057><Man_1_MB_FDH_2058></Man_1_MB_FDH_2058><Man_1_MB_FDH_2059></Man_1_MB_FDH_2059><Man_1_MB_FDH_2060></Man_1_MB_FDH_2060><Man_1_MB_FDH_2061></Man_1_MB_FDH_2061><Man_1_MB_FDH_2062></Man_1_MB_FDH_2062><Man_1_MB_FDH_2063></Man_1_MB_FDH_2063><Man_1_MB_FDH_2064></Man_1_MB_FDH_2064><Man_1_MB_FDH_2065></Man_1_MB_FDH_2065><Man_1_MB_FDH_2066></Man_1_MB_FDH_2066><Man_1_MB_FDH_2067></Man_1_MB_FDH_2067><Man_1_MB_FDH_2068></Man_1_MB_FDH_2068><Man_1_MB_FDH_2069></Man_1_MB_FDH_2069><Man_1_MB_FDH_2070></Man_1_MB_FDH_2070><Man_1_EL_FDH_2019></Man_1_EL_FDH_2019><Man_1_EL_FDH_2020></Man_1_EL_FDH_2020><Man_1_EL_FDH_2021></Man_1_EL_FDH_2021><Man_1_EL_FDH_2022></Man_1_EL_FDH_2022><Man_1_EL_FDH_2023></Man_1_EL_FDH_2023><Man_1_EL_FDH_2024></Man_1_EL_FDH_2024><Man_1_EL_FDH_2025></Man_1_EL_FDH_2025><Man_1_EL_FDH_2026></Man_1_EL_FDH_2026><Man_1_EL_FDH_2027></Man_1_EL_FDH_2027><Man_1_EL_FDH_2028></Man_1_EL_FDH_2028><Man_1_EL_FDH_2029></Man_1_EL_FDH_2029><Man_1_EL_FDH_2030></Man_1_EL_FDH_2030><Man_1_EL_FDH_2031></Man_1_EL_FDH_2031><Man_1_EL_FDH_2032></Man_1_EL_FDH_2032><Man_1_EL_FDH_2033></Man_1_EL_FDH_2033><Man_1_EL_FDH_2034></Man_1_EL_FDH_2034><Man_1_EL_FDH_2035></Man_1_EL_FDH_2035><Man_1_EL_FDH_2036></Man_1_EL_FDH_2036><Man_1_EL_FDH_2037></Man_1_EL_FDH_2037><Man_1_EL_FDH_2038></Man_1_EL_FDH_2038><Man_1_EL_FDH_2039></Man_1_EL_FDH_2039><Man_1_EL_FDH_2040></Man_1_EL_FDH_2040><Man_1_EL_FDH_2041></Man_1_EL_FDH_2041><Man_1_EL_FDH_2042></Man_1_EL_FDH_2042><Man_1_EL_FDH_2043></Man_1_EL_FDH_2043><Man_1_EL_FDH_2044></Man_1_EL_FDH_2044><Man_1_EL_FDH_2045></Man_1_EL_FDH_2045><Man_1_EL_FDH_2046></Man_1_EL_FDH_2046><Man_1_EL_FDH_2047></Man_1_EL_FDH_2047><Man_1_EL_FDH_2048></Man_1_EL_FDH_2048><Man_1_EL_FDH_2049></Man_1_EL_FDH_2049><Man_1_EL_FDH_2050></Man_1_EL_FDH_2050><Man_1_EL_FDH_2051></Man_1_EL_FDH_2051><Man_1_EL_FDH_2052></Man_1_EL_FDH_2052><Man_1_EL_FDH_2053></Man_1_EL_FDH_2053><Man_1_EL_FDH_2054></Man_1_EL_FDH_2054><Man_1_EL_FDH_2055></Man_1_EL_FDH_2055><Man_1_EL_FDH_2056></Man_1_EL_FDH_2056><Man_1_EL_FDH_2057></Man_1_EL_FDH_2057><Man_1_EL_FDH_2058></Man_1_EL_FDH_2058><Man_1_EL_FDH_2059></Man_1_EL_FDH_2059><Man_1_EL_FDH_2060></Man_1_EL_FDH_2060><Man_1_EL_FDH_2061></Man_1_EL_FDH_2061><Man_1_EL_FDH_2062></Man_1_EL_FDH_2062><Man_1_EL_FDH_2063></Man_1_EL_FDH_2063><Man_1_EL_FDH_2064></Man_1_EL_FDH_2064><Man_1_EL_FDH_2065></Man_1_EL_FDH_2065><Man_1_EL_FDH_2066></Man_1_EL_FDH_2066><Man_1_EL_FDH_2067></Man_1_EL_FDH_2067><Man_1_EL_FDH_2068></Man_1_EL_FDH_2068><Man_1_EL_FDH_2069></Man_1_EL_FDH_2069><Man_1_EL_FDH_2070></Man_1_EL_FDH_2070><Man_1_FF_FDH_2019>100</Man_1_FF_FDH_2019><Man_1_FF_FDH_2020>100</Man_1_FF_FDH_2020><Man_1_FF_FDH_2021>100</Man_1_FF_FDH_2021><Man_1_FF_FDH_2022>100</Man_1_FF_FDH_2022><Man_1_FF_FDH_2023>100</Man_1_FF_FDH_2023><Man_1_FF_FDH_2024>100</Man_1_FF_FDH_2024><Man_1_FF_FDH_2025>100</Man_1_FF_FDH_2025><Man_1_FF_FDH_2026>100</Man_1_FF_FDH_2026><Man_1_FF_FDH_2027>100</Man_1_FF_FDH_2027><Man_1_FF_FDH_2028>100</Man_1_FF_FDH_2028><Man_1_FF_FDH_2029>100</Man_1_FF_FDH_2029><Man_1_FF_FDH_2030>100</Man_1_FF_FDH_2030><Man_1_FF_FDH_2031>100</Man_1_FF_FDH_2031><Man_1_FF_FDH_2032>100</Man_1_FF_FDH_2032><Man_1_FF_FDH_2033>100</Man_1_FF_FDH_2033><Man_1_FF_FDH_2034>100</Man_1_FF_FDH_2034><Man_1_FF_FDH_2035>100</Man_1_FF_FDH_2035><Man_1_FF_FDH_2036>100</Man_1_FF_FDH_2036><Man_1_FF_FDH_2037>100</Man_1_FF_FDH_2037><Man_1_FF_FDH_2038>100</Man_1_FF_FDH_2038><Man_1_FF_FDH_2039>100</Man_1_FF_FDH_2039><Man_1_FF_FDH_2040>100</Man_1_FF_FDH_2040><Man_1_FF_FDH_2041>100</Man_1_FF_FDH_2041><Man_1_FF_FDH_2042>100</Man_1_FF_FDH_2042><Man_1_FF_FDH_2043>100</Man_1_FF_FDH_2043><Man_1_FF_FDH_2044>100</Man_1_FF_FDH_2044><Man_1_FF_FDH_2045>100</Man_1_FF_FDH_2045><Man_1_FF_FDH_2046>100</Man_1_FF_FDH_2046><Man_1_FF_FDH_2047>100</Man_1_FF_FDH_2047><Man_1_FF_FDH_2048>100</Man_1_FF_FDH_2048><Man_1_FF_FDH_2049>100</Man_1_FF_FDH_2049><Man_1_FF_FDH_2050>100</Man_1_FF_FDH_2050><Man_1_FF_FDH_2051>100</Man_1_FF_FDH_2051><Man_1_FF_FDH_2052>100</Man_1_FF_FDH_2052><Man_1_FF_FDH_2053>100</Man_1_FF_FDH_2053><Man_1_FF_FDH_2054>100</Man_1_FF_FDH_2054><Man_1_FF_FDH_2055>100</Man_1_FF_FDH_2055><Man_1_FF_FDH_2056>100</Man_1_FF_FDH_2056><Man_1_FF_FDH_2057>100</Man_1_FF_FDH_2057><Man_1_FF_FDH_2058>100</Man_1_FF_FDH_2058><Man_1_FF_FDH_2059>100</Man_1_FF_FDH_2059><Man_1_FF_FDH_2060>100</Man_1_FF_FDH_2060><Man_1_FF_FDH_2061>100</Man_1_FF_FDH_2061><Man_1_FF_FDH_2062>100</Man_1_FF_FDH_2062><Man_1_FF_FDH_2063>100</Man_1_FF_FDH_2063><Man_1_FF_FDH_2064>100</Man_1_FF_FDH_2064><Man_1_FF_FDH_2065>100</Man_1_FF_FDH_2065><Man_1_FF_FDH_2066>100</Man_1_FF_FDH_2066><Man_1_FF_FDH_2067>100</Man_1_FF_FDH_2067><Man_1_FF_FDH_2068>100</Man_1_FF_FDH_2068><Man_1_FF_FDH_2069>100</Man_1_FF_FDH_2069><Man_1_FF_FDH_2070>100</Man_1_FF_FDH_2070><SWH_Man_1_2019>100</SWH_Man_1_2019><SWH_Man_1_2020>100</SWH_Man_1_2020><SWH_Man_1_2021>100</SWH_Man_1_2021><SWH_Man_1_2022>100</SWH_Man_1_2022><SWH_Man_1_2023>100</SWH_Man_1_2023><SWH_Man_1_2024>100</SWH_Man_1_2024><SWH_Man_1_2025>100</SWH_Man_1_2025><SWH_Man_1_2026>100</SWH_Man_1_2026><SWH_Man_1_2027>100</SWH_Man_1_2027><SWH_Man_1_2028>100</SWH_Man_1_2028><SWH_Man_1_2029>100</SWH_Man_1_2029><SWH_Man_1_2030>100</SWH_Man_1_2030><SWH_Man_1_2031>100</SWH_Man_1_2031><SWH_Man_1_2032>100</SWH_Man_1_2032><SWH_Man_1_2033>100</SWH_Man_1_2033><SWH_Man_1_2034>100</SWH_Man_1_2034><SWH_Man_1_2035>100</SWH_Man_1_2035><SWH_Man_1_2036>100</SWH_Man_1_2036><SWH_Man_1_2037>100</SWH_Man_1_2037><SWH_Man_1_2038>100</SWH_Man_1_2038><SWH_Man_1_2039>100</SWH_Man_1_2039><SWH_Man_1_2040>100</SWH_Man_1_2040><SWH_Man_1_2041>100</SWH_Man_1_2041><SWH_Man_1_2042>100</SWH_Man_1_2042><SWH_Man_1_2043>100</SWH_Man_1_2043><SWH_Man_1_2044>100</SWH_Man_1_2044><SWH_Man_1_2045>100</SWH_Man_1_2045><SWH_Man_1_2046>100</SWH_Man_1_2046><SWH_Man_1_2047>100</SWH_Man_1_2047><SWH_Man_1_2048>100</SWH_Man_1_2048><SWH_Man_1_2049>100</SWH_Man_1_2049><SWH_Man_1_2050>100</SWH_Man_1_2050><SWH_Man_1_2051>100</SWH_Man_1_2051><SWH_Man_1_2052>100</SWH_Man_1_2052><SWH_Man_1_2053>100</SWH_Man_1_2053><SWH_Man_1_2054>100</SWH_Man_1_2054><SWH_Man_1_2055>100</SWH_Man_1_2055><SWH_Man_1_2056>100</SWH_Man_1_2056><SWH_Man_1_2057>100</SWH_Man_1_2057><SWH_Man_1_2058>100</SWH_Man_1_2058><SWH_Man_1_2059>100</SWH_Man_1_2059><SWH_Man_1_2060>100</SWH_Man_1_2060><SWH_Man_1_2061>100</SWH_Man_1_2061><SWH_Man_1_2062>100</SWH_Man_1_2062><SWH_Man_1_2063>100</SWH_Man_1_2063><SWH_Man_1_2064>100</SWH_Man_1_2064><SWH_Man_1_2065>100</SWH_Man_1_2065><SWH_Man_1_2066>100</SWH_Man_1_2066><SWH_Man_1_2067>100</SWH_Man_1_2067><SWH_Man_1_2068>100</SWH_Man_1_2068><SWH_Man_1_2069>100</SWH_Man_1_2069><SWH_Man_1_2070>100</SWH_Man_1_2070><Man_1_TF_SWH_2019></Man_1_TF_SWH_2019><Man_1_TF_SWH_2020></Man_1_TF_SWH_2020><Man_1_TF_SWH_2021></Man_1_TF_SWH_2021><Man_1_TF_SWH_2022></Man_1_TF_SWH_2022><Man_1_TF_SWH_2023></Man_1_TF_SWH_2023><Man_1_TF_SWH_2024></Man_1_TF_SWH_2024><Man_1_TF_SWH_2025></Man_1_TF_SWH_2025><Man_1_TF_SWH_2026></Man_1_TF_SWH_2026><Man_1_TF_SWH_2027></Man_1_TF_SWH_2027><Man_1_TF_SWH_2028></Man_1_TF_SWH_2028><Man_1_TF_SWH_2029></Man_1_TF_SWH_2029><Man_1_TF_SWH_2030></Man_1_TF_SWH_2030><Man_1_TF_SWH_2031></Man_1_TF_SWH_2031><Man_1_TF_SWH_2032></Man_1_TF_SWH_2032><Man_1_TF_SWH_2033></Man_1_TF_SWH_2033><Man_1_TF_SWH_2034></Man_1_TF_SWH_2034><Man_1_TF_SWH_2035></Man_1_TF_SWH_2035><Man_1_TF_SWH_2036></Man_1_TF_SWH_2036><Man_1_TF_SWH_2037></Man_1_TF_SWH_2037><Man_1_TF_SWH_2038></Man_1_TF_SWH_2038><Man_1_TF_SWH_2039></Man_1_TF_SWH_2039><Man_1_TF_SWH_2040></Man_1_TF_SWH_2040><Man_1_TF_SWH_2041></Man_1_TF_SWH_2041><Man_1_TF_SWH_2042></Man_1_TF_SWH_2042><Man_1_TF_SWH_2043></Man_1_TF_SWH_2043><Man_1_TF_SWH_2044></Man_1_TF_SWH_2044><Man_1_TF_SWH_2045></Man_1_TF_SWH_2045><Man_1_TF_SWH_2046></Man_1_TF_SWH_2046><Man_1_TF_SWH_2047></Man_1_TF_SWH_2047><Man_1_TF_SWH_2048></Man_1_TF_SWH_2048><Man_1_TF_SWH_2049></Man_1_TF_SWH_2049><Man_1_TF_SWH_2050></Man_1_TF_SWH_2050><Man_1_TF_SWH_2051></Man_1_TF_SWH_2051><Man_1_TF_SWH_2052></Man_1_TF_SWH_2052><Man_1_TF_SWH_2053></Man_1_TF_SWH_2053><Man_1_TF_SWH_2054></Man_1_TF_SWH_2054><Man_1_TF_SWH_2055></Man_1_TF_SWH_2055><Man_1_TF_SWH_2056></Man_1_TF_SWH_2056><Man_1_TF_SWH_2057></Man_1_TF_SWH_2057><Man_1_TF_SWH_2058></Man_1_TF_SWH_2058><Man_1_TF_SWH_2059></Man_1_TF_SWH_2059><Man_1_TF_SWH_2060></Man_1_TF_SWH_2060><Man_1_TF_SWH_2061></Man_1_TF_SWH_2061><Man_1_TF_SWH_2062></Man_1_TF_SWH_2062><Man_1_TF_SWH_2063></Man_1_TF_SWH_2063><Man_1_TF_SWH_2064></Man_1_TF_SWH_2064><Man_1_TF_SWH_2065></Man_1_TF_SWH_2065><Man_1_TF_SWH_2066></Man_1_TF_SWH_2066><Man_1_TF_SWH_2067></Man_1_TF_SWH_2067><Man_1_TF_SWH_2068></Man_1_TF_SWH_2068><Man_1_TF_SWH_2069></Man_1_TF_SWH_2069><Man_1_TF_SWH_2070></Man_1_TF_SWH_2070><Man_1_MB_SWH_2019></Man_1_MB_SWH_2019><Man_1_MB_SWH_2020></Man_1_MB_SWH_2020><Man_1_MB_SWH_2021></Man_1_MB_SWH_2021><Man_1_MB_SWH_2022></Man_1_MB_SWH_2022><Man_1_MB_SWH_2023></Man_1_MB_SWH_2023><Man_1_MB_SWH_2024></Man_1_MB_SWH_2024><Man_1_MB_SWH_2025></Man_1_MB_SWH_2025><Man_1_MB_SWH_2026></Man_1_MB_SWH_2026><Man_1_MB_SWH_2027></Man_1_MB_SWH_2027><Man_1_MB_SWH_2028></Man_1_MB_SWH_2028><Man_1_MB_SWH_2029></Man_1_MB_SWH_2029><Man_1_MB_SWH_2030></Man_1_MB_SWH_2030><Man_1_MB_SWH_2031></Man_1_MB_SWH_2031><Man_1_MB_SWH_2032></Man_1_MB_SWH_2032><Man_1_MB_SWH_2033></Man_1_MB_SWH_2033><Man_1_MB_SWH_2034></Man_1_MB_SWH_2034><Man_1_MB_SWH_2035></Man_1_MB_SWH_2035><Man_1_MB_SWH_2036></Man_1_MB_SWH_2036><Man_1_MB_SWH_2037></Man_1_MB_SWH_2037><Man_1_MB_SWH_2038></Man_1_MB_SWH_2038><Man_1_MB_SWH_2039></Man_1_MB_SWH_2039><Man_1_MB_SWH_2040></Man_1_MB_SWH_2040><Man_1_MB_SWH_2041></Man_1_MB_SWH_2041><Man_1_MB_SWH_2042></Man_1_MB_SWH_2042><Man_1_MB_SWH_2043></Man_1_MB_SWH_2043><Man_1_MB_SWH_2044></Man_1_MB_SWH_2044><Man_1_MB_SWH_2045></Man_1_MB_SWH_2045><Man_1_MB_SWH_2046></Man_1_MB_SWH_2046><Man_1_MB_SWH_2047></Man_1_MB_SWH_2047><Man_1_MB_SWH_2048></Man_1_MB_SWH_2048><Man_1_MB_SWH_2049></Man_1_MB_SWH_2049><Man_1_MB_SWH_2050></Man_1_MB_SWH_2050><Man_1_MB_SWH_2051></Man_1_MB_SWH_2051><Man_1_MB_SWH_2052></Man_1_MB_SWH_2052><Man_1_MB_SWH_2053></Man_1_MB_SWH_2053><Man_1_MB_SWH_2054></Man_1_MB_SWH_2054><Man_1_MB_SWH_2055></Man_1_MB_SWH_2055><Man_1_MB_SWH_2056></Man_1_MB_SWH_2056><Man_1_MB_SWH_2057></Man_1_MB_SWH_2057><Man_1_MB_SWH_2058></Man_1_MB_SWH_2058><Man_1_MB_SWH_2059></Man_1_MB_SWH_2059><Man_1_MB_SWH_2060></Man_1_MB_SWH_2060><Man_1_MB_SWH_2061></Man_1_MB_SWH_2061><Man_1_MB_SWH_2062></Man_1_MB_SWH_2062><Man_1_MB_SWH_2063></Man_1_MB_SWH_2063><Man_1_MB_SWH_2064></Man_1_MB_SWH_2064><Man_1_MB_SWH_2065></Man_1_MB_SWH_2065><Man_1_MB_SWH_2066></Man_1_MB_SWH_2066><Man_1_MB_SWH_2067></Man_1_MB_SWH_2067><Man_1_MB_SWH_2068></Man_1_MB_SWH_2068><Man_1_MB_SWH_2069></Man_1_MB_SWH_2069><Man_1_MB_SWH_2070></Man_1_MB_SWH_2070><Man_1_EL_SWH_2019></Man_1_EL_SWH_2019><Man_1_EL_SWH_2020></Man_1_EL_SWH_2020><Man_1_EL_SWH_2021></Man_1_EL_SWH_2021><Man_1_EL_SWH_2022></Man_1_EL_SWH_2022><Man_1_EL_SWH_2023></Man_1_EL_SWH_2023><Man_1_EL_SWH_2024></Man_1_EL_SWH_2024><Man_1_EL_SWH_2025></Man_1_EL_SWH_2025><Man_1_EL_SWH_2026></Man_1_EL_SWH_2026><Man_1_EL_SWH_2027></Man_1_EL_SWH_2027><Man_1_EL_SWH_2028></Man_1_EL_SWH_2028><Man_1_EL_SWH_2029></Man_1_EL_SWH_2029><Man_1_EL_SWH_2030></Man_1_EL_SWH_2030><Man_1_EL_SWH_2031></Man_1_EL_SWH_2031><Man_1_EL_SWH_2032></Man_1_EL_SWH_2032><Man_1_EL_SWH_2033></Man_1_EL_SWH_2033><Man_1_EL_SWH_2034></Man_1_EL_SWH_2034><Man_1_EL_SWH_2035></Man_1_EL_SWH_2035><Man_1_EL_SWH_2036></Man_1_EL_SWH_2036><Man_1_EL_SWH_2037></Man_1_EL_SWH_2037><Man_1_EL_SWH_2038></Man_1_EL_SWH_2038><Man_1_EL_SWH_2039></Man_1_EL_SWH_2039><Man_1_EL_SWH_2040></Man_1_EL_SWH_2040><Man_1_EL_SWH_2041></Man_1_EL_SWH_2041><Man_1_EL_SWH_2042></Man_1_EL_SWH_2042><Man_1_EL_SWH_2043></Man_1_EL_SWH_2043><Man_1_EL_SWH_2044></Man_1_EL_SWH_2044><Man_1_EL_SWH_2045></Man_1_EL_SWH_2045><Man_1_EL_SWH_2046></Man_1_EL_SWH_2046><Man_1_EL_SWH_2047></Man_1_EL_SWH_2047><Man_1_EL_SWH_2048></Man_1_EL_SWH_2048><Man_1_EL_SWH_2049></Man_1_EL_SWH_2049><Man_1_EL_SWH_2050></Man_1_EL_SWH_2050><Man_1_EL_SWH_2051></Man_1_EL_SWH_2051><Man_1_EL_SWH_2052></Man_1_EL_SWH_2052><Man_1_EL_SWH_2053></Man_1_EL_SWH_2053><Man_1_EL_SWH_2054></Man_1_EL_SWH_2054><Man_1_EL_SWH_2055></Man_1_EL_SWH_2055><Man_1_EL_SWH_2056></Man_1_EL_SWH_2056><Man_1_EL_SWH_2057></Man_1_EL_SWH_2057><Man_1_EL_SWH_2058></Man_1_EL_SWH_2058><Man_1_EL_SWH_2059></Man_1_EL_SWH_2059><Man_1_EL_SWH_2060></Man_1_EL_SWH_2060><Man_1_EL_SWH_2061></Man_1_EL_SWH_2061><Man_1_EL_SWH_2062></Man_1_EL_SWH_2062><Man_1_EL_SWH_2063></Man_1_EL_SWH_2063><Man_1_EL_SWH_2064></Man_1_EL_SWH_2064><Man_1_EL_SWH_2065></Man_1_EL_SWH_2065><Man_1_EL_SWH_2066></Man_1_EL_SWH_2066><Man_1_EL_SWH_2067></Man_1_EL_SWH_2067><Man_1_EL_SWH_2068></Man_1_EL_SWH_2068><Man_1_EL_SWH_2069></Man_1_EL_SWH_2069><Man_1_EL_SWH_2070></Man_1_EL_SWH_2070><H_Man_1_EL_SWH_2019></H_Man_1_EL_SWH_2019><H_Man_1_EL_SWH_2020></H_Man_1_EL_SWH_2020><H_Man_1_EL_SWH_2021></H_Man_1_EL_SWH_2021><H_Man_1_EL_SWH_2022></H_Man_1_EL_SWH_2022><H_Man_1_EL_SWH_2023></H_Man_1_EL_SWH_2023><H_Man_1_EL_SWH_2024></H_Man_1_EL_SWH_2024><H_Man_1_EL_SWH_2025></H_Man_1_EL_SWH_2025><H_Man_1_EL_SWH_2026></H_Man_1_EL_SWH_2026><H_Man_1_EL_SWH_2027></H_Man_1_EL_SWH_2027><H_Man_1_EL_SWH_2028></H_Man_1_EL_SWH_2028><H_Man_1_EL_SWH_2029></H_Man_1_EL_SWH_2029><H_Man_1_EL_SWH_2030></H_Man_1_EL_SWH_2030><H_Man_1_EL_SWH_2031></H_Man_1_EL_SWH_2031><H_Man_1_EL_SWH_2032></H_Man_1_EL_SWH_2032><H_Man_1_EL_SWH_2033></H_Man_1_EL_SWH_2033><H_Man_1_EL_SWH_2034></H_Man_1_EL_SWH_2034><H_Man_1_EL_SWH_2035></H_Man_1_EL_SWH_2035><H_Man_1_EL_SWH_2036></H_Man_1_EL_SWH_2036><H_Man_1_EL_SWH_2037></H_Man_1_EL_SWH_2037><H_Man_1_EL_SWH_2038></H_Man_1_EL_SWH_2038><H_Man_1_EL_SWH_2039></H_Man_1_EL_SWH_2039><H_Man_1_EL_SWH_2040></H_Man_1_EL_SWH_2040><H_Man_1_EL_SWH_2041></H_Man_1_EL_SWH_2041><H_Man_1_EL_SWH_2042></H_Man_1_EL_SWH_2042><H_Man_1_EL_SWH_2043></H_Man_1_EL_SWH_2043><H_Man_1_EL_SWH_2044></H_Man_1_EL_SWH_2044><H_Man_1_EL_SWH_2045></H_Man_1_EL_SWH_2045><H_Man_1_EL_SWH_2046></H_Man_1_EL_SWH_2046><H_Man_1_EL_SWH_2047></H_Man_1_EL_SWH_2047><H_Man_1_EL_SWH_2048></H_Man_1_EL_SWH_2048><H_Man_1_EL_SWH_2049></H_Man_1_EL_SWH_2049><H_Man_1_EL_SWH_2050></H_Man_1_EL_SWH_2050><H_Man_1_EL_SWH_2051></H_Man_1_EL_SWH_2051><H_Man_1_EL_SWH_2052></H_Man_1_EL_SWH_2052><H_Man_1_EL_SWH_2053></H_Man_1_EL_SWH_2053><H_Man_1_EL_SWH_2054></H_Man_1_EL_SWH_2054><H_Man_1_EL_SWH_2055></H_Man_1_EL_SWH_2055><H_Man_1_EL_SWH_2056></H_Man_1_EL_SWH_2056><H_Man_1_EL_SWH_2057></H_Man_1_EL_SWH_2057><H_Man_1_EL_SWH_2058></H_Man_1_EL_SWH_2058><H_Man_1_EL_SWH_2059></H_Man_1_EL_SWH_2059><H_Man_1_EL_SWH_2060></H_Man_1_EL_SWH_2060><H_Man_1_EL_SWH_2061></H_Man_1_EL_SWH_2061><H_Man_1_EL_SWH_2062></H_Man_1_EL_SWH_2062><H_Man_1_EL_SWH_2063></H_Man_1_EL_SWH_2063><H_Man_1_EL_SWH_2064></H_Man_1_EL_SWH_2064><H_Man_1_EL_SWH_2065></H_Man_1_EL_SWH_2065><H_Man_1_EL_SWH_2066></H_Man_1_EL_SWH_2066><H_Man_1_EL_SWH_2067></H_Man_1_EL_SWH_2067><H_Man_1_EL_SWH_2068></H_Man_1_EL_SWH_2068><H_Man_1_EL_SWH_2069></H_Man_1_EL_SWH_2069><H_Man_1_EL_SWH_2070></H_Man_1_EL_SWH_2070><Man_1_SO_SWH_2019></Man_1_SO_SWH_2019><Man_1_SO_SWH_2020></Man_1_SO_SWH_2020><Man_1_SO_SWH_2021></Man_1_SO_SWH_2021><Man_1_SO_SWH_2022></Man_1_SO_SWH_2022><Man_1_SO_SWH_2023></Man_1_SO_SWH_2023><Man_1_SO_SWH_2024></Man_1_SO_SWH_2024><Man_1_SO_SWH_2025></Man_1_SO_SWH_2025><Man_1_SO_SWH_2026></Man_1_SO_SWH_2026><Man_1_SO_SWH_2027></Man_1_SO_SWH_2027><Man_1_SO_SWH_2028></Man_1_SO_SWH_2028><Man_1_SO_SWH_2029></Man_1_SO_SWH_2029><Man_1_SO_SWH_2030></Man_1_SO_SWH_2030><Man_1_SO_SWH_2031></Man_1_SO_SWH_2031><Man_1_SO_SWH_2032></Man_1_SO_SWH_2032><Man_1_SO_SWH_2033></Man_1_SO_SWH_2033><Man_1_SO_SWH_2034></Man_1_SO_SWH_2034><Man_1_SO_SWH_2035></Man_1_SO_SWH_2035><Man_1_SO_SWH_2036></Man_1_SO_SWH_2036><Man_1_SO_SWH_2037></Man_1_SO_SWH_2037><Man_1_SO_SWH_2038></Man_1_SO_SWH_2038><Man_1_SO_SWH_2039></Man_1_SO_SWH_2039><Man_1_SO_SWH_2040></Man_1_SO_SWH_2040><Man_1_SO_SWH_2041></Man_1_SO_SWH_2041><Man_1_SO_SWH_2042></Man_1_SO_SWH_2042><Man_1_SO_SWH_2043></Man_1_SO_SWH_2043><Man_1_SO_SWH_2044></Man_1_SO_SWH_2044><Man_1_SO_SWH_2045></Man_1_SO_SWH_2045><Man_1_SO_SWH_2046></Man_1_SO_SWH_2046><Man_1_SO_SWH_2047></Man_1_SO_SWH_2047><Man_1_SO_SWH_2048></Man_1_SO_SWH_2048><Man_1_SO_SWH_2049></Man_1_SO_SWH_2049><Man_1_SO_SWH_2050></Man_1_SO_SWH_2050><Man_1_SO_SWH_2051></Man_1_SO_SWH_2051><Man_1_SO_SWH_2052></Man_1_SO_SWH_2052><Man_1_SO_SWH_2053></Man_1_SO_SWH_2053><Man_1_SO_SWH_2054></Man_1_SO_SWH_2054><Man_1_SO_SWH_2055></Man_1_SO_SWH_2055><Man_1_SO_SWH_2056></Man_1_SO_SWH_2056><Man_1_SO_SWH_2057></Man_1_SO_SWH_2057><Man_1_SO_SWH_2058></Man_1_SO_SWH_2058><Man_1_SO_SWH_2059></Man_1_SO_SWH_2059><Man_1_SO_SWH_2060></Man_1_SO_SWH_2060><Man_1_SO_SWH_2061></Man_1_SO_SWH_2061><Man_1_SO_SWH_2062></Man_1_SO_SWH_2062><Man_1_SO_SWH_2063></Man_1_SO_SWH_2063><Man_1_SO_SWH_2064></Man_1_SO_SWH_2064><Man_1_SO_SWH_2065></Man_1_SO_SWH_2065><Man_1_SO_SWH_2066></Man_1_SO_SWH_2066><Man_1_SO_SWH_2067></Man_1_SO_SWH_2067><Man_1_SO_SWH_2068></Man_1_SO_SWH_2068><Man_1_SO_SWH_2069></Man_1_SO_SWH_2069><Man_1_SO_SWH_2070></Man_1_SO_SWH_2070><Man_1_FF_SWH_2019>100</Man_1_FF_SWH_2019><Man_1_FF_SWH_2020>100</Man_1_FF_SWH_2020><Man_1_FF_SWH_2021>100</Man_1_FF_SWH_2021><Man_1_FF_SWH_2022>100</Man_1_FF_SWH_2022><Man_1_FF_SWH_2023>100</Man_1_FF_SWH_2023><Man_1_FF_SWH_2024>100</Man_1_FF_SWH_2024><Man_1_FF_SWH_2025>100</Man_1_FF_SWH_2025><Man_1_FF_SWH_2026>100</Man_1_FF_SWH_2026><Man_1_FF_SWH_2027>100</Man_1_FF_SWH_2027><Man_1_FF_SWH_2028>100</Man_1_FF_SWH_2028><Man_1_FF_SWH_2029>100</Man_1_FF_SWH_2029><Man_1_FF_SWH_2030>100</Man_1_FF_SWH_2030><Man_1_FF_SWH_2031>100</Man_1_FF_SWH_2031><Man_1_FF_SWH_2032>100</Man_1_FF_SWH_2032><Man_1_FF_SWH_2033>100</Man_1_FF_SWH_2033><Man_1_FF_SWH_2034>100</Man_1_FF_SWH_2034><Man_1_FF_SWH_2035>100</Man_1_FF_SWH_2035><Man_1_FF_SWH_2036>100</Man_1_FF_SWH_2036><Man_1_FF_SWH_2037>100</Man_1_FF_SWH_2037><Man_1_FF_SWH_2038>100</Man_1_FF_SWH_2038><Man_1_FF_SWH_2039>100</Man_1_FF_SWH_2039><Man_1_FF_SWH_2040>100</Man_1_FF_SWH_2040><Man_1_FF_SWH_2041>100</Man_1_FF_SWH_2041><Man_1_FF_SWH_2042>100</Man_1_FF_SWH_2042><Man_1_FF_SWH_2043>100</Man_1_FF_SWH_2043><Man_1_FF_SWH_2044>100</Man_1_FF_SWH_2044><Man_1_FF_SWH_2045>100</Man_1_FF_SWH_2045><Man_1_FF_SWH_2046>100</Man_1_FF_SWH_2046><Man_1_FF_SWH_2047>100</Man_1_FF_SWH_2047><Man_1_FF_SWH_2048>100</Man_1_FF_SWH_2048><Man_1_FF_SWH_2049>100</Man_1_FF_SWH_2049><Man_1_FF_SWH_2050>100</Man_1_FF_SWH_2050><Man_1_FF_SWH_2051>100</Man_1_FF_SWH_2051><Man_1_FF_SWH_2052>100</Man_1_FF_SWH_2052><Man_1_FF_SWH_2053>100</Man_1_FF_SWH_2053><Man_1_FF_SWH_2054>100</Man_1_FF_SWH_2054><Man_1_FF_SWH_2055>100</Man_1_FF_SWH_2055><Man_1_FF_SWH_2056>100</Man_1_FF_SWH_2056><Man_1_FF_SWH_2057>100</Man_1_FF_SWH_2057><Man_1_FF_SWH_2058>100</Man_1_FF_SWH_2058><Man_1_FF_SWH_2059>100</Man_1_FF_SWH_2059><Man_1_FF_SWH_2060>100</Man_1_FF_SWH_2060><Man_1_FF_SWH_2061>100</Man_1_FF_SWH_2061><Man_1_FF_SWH_2062>100</Man_1_FF_SWH_2062><Man_1_FF_SWH_2063>100</Man_1_FF_SWH_2063><Man_1_FF_SWH_2064>100</Man_1_FF_SWH_2064><Man_1_FF_SWH_2065>100</Man_1_FF_SWH_2065><Man_1_FF_SWH_2066>100</Man_1_FF_SWH_2066><Man_1_FF_SWH_2067>100</Man_1_FF_SWH_2067><Man_1_FF_SWH_2068>100</Man_1_FF_SWH_2068><Man_1_FF_SWH_2069>100</Man_1_FF_SWH_2069><Man_1_FF_SWH_2070>100</Man_1_FF_SWH_2070><Man_1_DH_SWH_2019></Man_1_DH_SWH_2019><Man_1_DH_SWH_2020></Man_1_DH_SWH_2020><Man_1_DH_SWH_2021></Man_1_DH_SWH_2021><Man_1_DH_SWH_2022></Man_1_DH_SWH_2022><Man_1_DH_SWH_2023></Man_1_DH_SWH_2023><Man_1_DH_SWH_2024></Man_1_DH_SWH_2024><Man_1_DH_SWH_2025></Man_1_DH_SWH_2025><Man_1_DH_SWH_2026></Man_1_DH_SWH_2026><Man_1_DH_SWH_2027></Man_1_DH_SWH_2027><Man_1_DH_SWH_2028></Man_1_DH_SWH_2028><Man_1_DH_SWH_2029></Man_1_DH_SWH_2029><Man_1_DH_SWH_2030></Man_1_DH_SWH_2030><Man_1_DH_SWH_2031></Man_1_DH_SWH_2031><Man_1_DH_SWH_2032></Man_1_DH_SWH_2032><Man_1_DH_SWH_2033></Man_1_DH_SWH_2033><Man_1_DH_SWH_2034></Man_1_DH_SWH_2034><Man_1_DH_SWH_2035></Man_1_DH_SWH_2035><Man_1_DH_SWH_2036></Man_1_DH_SWH_2036><Man_1_DH_SWH_2037></Man_1_DH_SWH_2037><Man_1_DH_SWH_2038></Man_1_DH_SWH_2038><Man_1_DH_SWH_2039></Man_1_DH_SWH_2039><Man_1_DH_SWH_2040></Man_1_DH_SWH_2040><Man_1_DH_SWH_2041></Man_1_DH_SWH_2041><Man_1_DH_SWH_2042></Man_1_DH_SWH_2042><Man_1_DH_SWH_2043></Man_1_DH_SWH_2043><Man_1_DH_SWH_2044></Man_1_DH_SWH_2044><Man_1_DH_SWH_2045></Man_1_DH_SWH_2045><Man_1_DH_SWH_2046></Man_1_DH_SWH_2046><Man_1_DH_SWH_2047></Man_1_DH_SWH_2047><Man_1_DH_SWH_2048></Man_1_DH_SWH_2048><Man_1_DH_SWH_2049></Man_1_DH_SWH_2049><Man_1_DH_SWH_2050></Man_1_DH_SWH_2050><Man_1_DH_SWH_2051></Man_1_DH_SWH_2051><Man_1_DH_SWH_2052></Man_1_DH_SWH_2052><Man_1_DH_SWH_2053></Man_1_DH_SWH_2053><Man_1_DH_SWH_2054></Man_1_DH_SWH_2054><Man_1_DH_SWH_2055></Man_1_DH_SWH_2055><Man_1_DH_SWH_2056></Man_1_DH_SWH_2056><Man_1_DH_SWH_2057></Man_1_DH_SWH_2057><Man_1_DH_SWH_2058></Man_1_DH_SWH_2058><Man_1_DH_SWH_2059></Man_1_DH_SWH_2059><Man_1_DH_SWH_2060></Man_1_DH_SWH_2060><Man_1_DH_SWH_2061></Man_1_DH_SWH_2061><Man_1_DH_SWH_2062></Man_1_DH_SWH_2062><Man_1_DH_SWH_2063></Man_1_DH_SWH_2063><Man_1_DH_SWH_2064></Man_1_DH_SWH_2064><Man_1_DH_SWH_2065></Man_1_DH_SWH_2065><Man_1_DH_SWH_2066></Man_1_DH_SWH_2066><Man_1_DH_SWH_2067></Man_1_DH_SWH_2067><Man_1_DH_SWH_2068></Man_1_DH_SWH_2068><Man_1_DH_SWH_2069></Man_1_DH_SWH_2069><Man_1_DH_SWH_2070></Man_1_DH_SWH_2070><Man_1_CG_SWH_2019></Man_1_CG_SWH_2019><Man_1_CG_SWH_2020></Man_1_CG_SWH_2020><Man_1_CG_SWH_2021></Man_1_CG_SWH_2021><Man_1_CG_SWH_2022></Man_1_CG_SWH_2022><Man_1_CG_SWH_2023></Man_1_CG_SWH_2023><Man_1_CG_SWH_2024></Man_1_CG_SWH_2024><Man_1_CG_SWH_2025></Man_1_CG_SWH_2025><Man_1_CG_SWH_2026></Man_1_CG_SWH_2026><Man_1_CG_SWH_2027></Man_1_CG_SWH_2027><Man_1_CG_SWH_2028></Man_1_CG_SWH_2028><Man_1_CG_SWH_2029></Man_1_CG_SWH_2029><Man_1_CG_SWH_2030></Man_1_CG_SWH_2030><Man_1_CG_SWH_2031></Man_1_CG_SWH_2031><Man_1_CG_SWH_2032></Man_1_CG_SWH_2032><Man_1_CG_SWH_2033></Man_1_CG_SWH_2033><Man_1_CG_SWH_2034></Man_1_CG_SWH_2034><Man_1_CG_SWH_2035></Man_1_CG_SWH_2035><Man_1_CG_SWH_2036></Man_1_CG_SWH_2036><Man_1_CG_SWH_2037></Man_1_CG_SWH_2037><Man_1_CG_SWH_2038></Man_1_CG_SWH_2038><Man_1_CG_SWH_2039></Man_1_CG_SWH_2039><Man_1_CG_SWH_2040></Man_1_CG_SWH_2040><Man_1_CG_SWH_2041></Man_1_CG_SWH_2041><Man_1_CG_SWH_2042></Man_1_CG_SWH_2042><Man_1_CG_SWH_2043></Man_1_CG_SWH_2043><Man_1_CG_SWH_2044></Man_1_CG_SWH_2044><Man_1_CG_SWH_2045></Man_1_CG_SWH_2045><Man_1_CG_SWH_2046></Man_1_CG_SWH_2046><Man_1_CG_SWH_2047></Man_1_CG_SWH_2047><Man_1_CG_SWH_2048></Man_1_CG_SWH_2048><Man_1_CG_SWH_2049></Man_1_CG_SWH_2049><Man_1_CG_SWH_2050></Man_1_CG_SWH_2050><Man_1_CG_SWH_2051></Man_1_CG_SWH_2051><Man_1_CG_SWH_2052></Man_1_CG_SWH_2052><Man_1_CG_SWH_2053></Man_1_CG_SWH_2053><Man_1_CG_SWH_2054></Man_1_CG_SWH_2054><Man_1_CG_SWH_2055></Man_1_CG_SWH_2055><Man_1_CG_SWH_2056></Man_1_CG_SWH_2056><Man_1_CG_SWH_2057></Man_1_CG_SWH_2057><Man_1_CG_SWH_2058></Man_1_CG_SWH_2058><Man_1_CG_SWH_2059></Man_1_CG_SWH_2059><Man_1_CG_SWH_2060></Man_1_CG_SWH_2060><Man_1_CG_SWH_2061></Man_1_CG_SWH_2061><Man_1_CG_SWH_2062></Man_1_CG_SWH_2062><Man_1_CG_SWH_2063></Man_1_CG_SWH_2063><Man_1_CG_SWH_2064></Man_1_CG_SWH_2064><Man_1_CG_SWH_2065></Man_1_CG_SWH_2065><Man_1_CG_SWH_2066></Man_1_CG_SWH_2066><Man_1_CG_SWH_2067></Man_1_CG_SWH_2067><Man_1_CG_SWH_2068></Man_1_CG_SWH_2068><Man_1_CG_SWH_2069></Man_1_CG_SWH_2069><Man_1_CG_SWH_2070></Man_1_CG_SWH_2070></row></data></penmanuf_data>
