<?xml version="1.0" encoding="utf-8"?>
<energyintensityss_data><meta><autoIncrement>19</autoIncrement></meta><data><row><id>19</id><SID>1</SID><MP_Ser_1_2019></MP_Ser_1_2019><MP_Ser_1_2020></MP_Ser_1_2020><MP_Ser_1_2021></MP_Ser_1_2021><MP_Ser_1_2022></MP_Ser_1_2022><MP_Ser_1_2023></MP_Ser_1_2023><MP_Ser_1_2024></MP_Ser_1_2024><MP_Ser_1_2025></MP_Ser_1_2025><MP_Ser_1_2026></MP_Ser_1_2026><MP_Ser_1_2027></MP_Ser_1_2027><MP_Ser_1_2028></MP_Ser_1_2028><MP_Ser_1_2029></MP_Ser_1_2029><MP_Ser_1_2030></MP_Ser_1_2030><MP_Ser_1_2031></MP_Ser_1_2031><MP_Ser_1_2032></MP_Ser_1_2032><MP_Ser_1_2033></MP_Ser_1_2033><MP_Ser_1_2034></MP_Ser_1_2034><MP_Ser_1_2035></MP_Ser_1_2035><MP_Ser_1_2036></MP_Ser_1_2036><MP_Ser_1_2037></MP_Ser_1_2037><MP_Ser_1_2038></MP_Ser_1_2038><MP_Ser_1_2039></MP_Ser_1_2039><MP_Ser_1_2040></MP_Ser_1_2040><MP_Ser_1_2041></MP_Ser_1_2041><MP_Ser_1_2042></MP_Ser_1_2042><MP_Ser_1_2043></MP_Ser_1_2043><MP_Ser_1_2044></MP_Ser_1_2044><MP_Ser_1_2045></MP_Ser_1_2045><MP_Ser_1_2046></MP_Ser_1_2046><MP_Ser_1_2047></MP_Ser_1_2047><MP_Ser_1_2048></MP_Ser_1_2048><MP_Ser_1_2049></MP_Ser_1_2049><MP_Ser_1_2050></MP_Ser_1_2050><MP_Ser_1_2051></MP_Ser_1_2051><MP_Ser_1_2052></MP_Ser_1_2052><MP_Ser_1_2053></MP_Ser_1_2053><MP_Ser_1_2054></MP_Ser_1_2054><MP_Ser_1_2055></MP_Ser_1_2055><MP_Ser_1_2056></MP_Ser_1_2056><MP_Ser_1_2057></MP_Ser_1_2057><MP_Ser_1_2058></MP_Ser_1_2058><MP_Ser_1_2059></MP_Ser_1_2059><MP_Ser_1_2060></MP_Ser_1_2060><MP_Ser_1_2061></MP_Ser_1_2061><MP_Ser_1_2062></MP_Ser_1_2062><MP_Ser_1_2063></MP_Ser_1_2063><MP_Ser_1_2064></MP_Ser_1_2064><MP_Ser_1_2065></MP_Ser_1_2065><MP_Ser_1_2066></MP_Ser_1_2066><MP_Ser_1_2067></MP_Ser_1_2067><MP_Ser_1_2068></MP_Ser_1_2068><MP_Ser_1_2069></MP_Ser_1_2069><MP_Ser_1_2070></MP_Ser_1_2070><AP_Ser_1_2019>8.61795E-5</AP_Ser_1_2019><AP_Ser_1_2020>8.61795E-5</AP_Ser_1_2020><AP_Ser_1_2021>8.61795E-5</AP_Ser_1_2021><AP_Ser_1_2022>8.61795E-5</AP_Ser_1_2022><AP_Ser_1_2023>8.61795E-5</AP_Ser_1_2023><AP_Ser_1_2024>8.61795E-5</AP_Ser_1_2024><AP_Ser_1_2025>8.61795E-5</AP_Ser_1_2025><AP_Ser_1_2026>8.61795E-5</AP_Ser_1_2026><AP_Ser_1_2027>8.61795E-5</AP_Ser_1_2027><AP_Ser_1_2028>8.61795E-5</AP_Ser_1_2028><AP_Ser_1_2029>8.61795E-5</AP_Ser_1_2029><AP_Ser_1_2030>8.61795E-5</AP_Ser_1_2030><AP_Ser_1_2031>8.61795E-5</AP_Ser_1_2031><AP_Ser_1_2032>8.61795E-5</AP_Ser_1_2032><AP_Ser_1_2033>8.61795E-5</AP_Ser_1_2033><AP_Ser_1_2034>8.61795E-5</AP_Ser_1_2034><AP_Ser_1_2035>8.61795E-5</AP_Ser_1_2035><AP_Ser_1_2036>8.61795E-5</AP_Ser_1_2036><AP_Ser_1_2037>8.61795E-5</AP_Ser_1_2037><AP_Ser_1_2038>8.61795E-5</AP_Ser_1_2038><AP_Ser_1_2039>8.61795E-5</AP_Ser_1_2039><AP_Ser_1_2040>8.61795E-5</AP_Ser_1_2040><AP_Ser_1_2041>8.61795E-5</AP_Ser_1_2041><AP_Ser_1_2042>8.61795E-5</AP_Ser_1_2042><AP_Ser_1_2043>8.61795E-5</AP_Ser_1_2043><AP_Ser_1_2044>8.61795E-5</AP_Ser_1_2044><AP_Ser_1_2045>8.61795E-5</AP_Ser_1_2045><AP_Ser_1_2046>8.61795E-5</AP_Ser_1_2046><AP_Ser_1_2047>8.61795E-5</AP_Ser_1_2047><AP_Ser_1_2048>8.61795E-5</AP_Ser_1_2048><AP_Ser_1_2049>8.61795E-5</AP_Ser_1_2049><AP_Ser_1_2050>8.61795E-5</AP_Ser_1_2050><AP_Ser_1_2051>8.61795E-5</AP_Ser_1_2051><AP_Ser_1_2052>8.61795E-5</AP_Ser_1_2052><AP_Ser_1_2053>8.61795E-5</AP_Ser_1_2053><AP_Ser_1_2054>8.61795E-5</AP_Ser_1_2054><AP_Ser_1_2055>8.61795E-5</AP_Ser_1_2055><AP_Ser_1_2056>8.61795E-5</AP_Ser_1_2056><AP_Ser_1_2057>8.61795E-5</AP_Ser_1_2057><AP_Ser_1_2058>8.61795E-5</AP_Ser_1_2058><AP_Ser_1_2059>8.61795E-5</AP_Ser_1_2059><AP_Ser_1_2060>8.61795E-5</AP_Ser_1_2060><AP_Ser_1_2061>8.61795E-5</AP_Ser_1_2061><AP_Ser_1_2062>8.61795E-5</AP_Ser_1_2062><AP_Ser_1_2063>8.61795E-5</AP_Ser_1_2063><AP_Ser_1_2064>8.61795E-5</AP_Ser_1_2064><AP_Ser_1_2065>8.61795E-5</AP_Ser_1_2065><AP_Ser_1_2066>8.61795E-5</AP_Ser_1_2066><AP_Ser_1_2067>8.61795E-5</AP_Ser_1_2067><AP_Ser_1_2068>8.61795E-5</AP_Ser_1_2068><AP_Ser_1_2069>8.61795E-5</AP_Ser_1_2069><AP_Ser_1_2070>8.61795E-5</AP_Ser_1_2070><TU_Ser_1_2019></TU_Ser_1_2019><TU_Ser_1_2020></TU_Ser_1_2020><TU_Ser_1_2021></TU_Ser_1_2021><TU_Ser_1_2022></TU_Ser_1_2022><TU_Ser_1_2023></TU_Ser_1_2023><TU_Ser_1_2024></TU_Ser_1_2024><TU_Ser_1_2025></TU_Ser_1_2025><TU_Ser_1_2026></TU_Ser_1_2026><TU_Ser_1_2027></TU_Ser_1_2027><TU_Ser_1_2028></TU_Ser_1_2028><TU_Ser_1_2029></TU_Ser_1_2029><TU_Ser_1_2030></TU_Ser_1_2030><TU_Ser_1_2031></TU_Ser_1_2031><TU_Ser_1_2032></TU_Ser_1_2032><TU_Ser_1_2033></TU_Ser_1_2033><TU_Ser_1_2034></TU_Ser_1_2034><TU_Ser_1_2035></TU_Ser_1_2035><TU_Ser_1_2036></TU_Ser_1_2036><TU_Ser_1_2037></TU_Ser_1_2037><TU_Ser_1_2038></TU_Ser_1_2038><TU_Ser_1_2039></TU_Ser_1_2039><TU_Ser_1_2040></TU_Ser_1_2040><TU_Ser_1_2041></TU_Ser_1_2041><TU_Ser_1_2042></TU_Ser_1_2042><TU_Ser_1_2043></TU_Ser_1_2043><TU_Ser_1_2044></TU_Ser_1_2044><TU_Ser_1_2045></TU_Ser_1_2045><TU_Ser_1_2046></TU_Ser_1_2046><TU_Ser_1_2047></TU_Ser_1_2047><TU_Ser_1_2048></TU_Ser_1_2048><TU_Ser_1_2049></TU_Ser_1_2049><TU_Ser_1_2050></TU_Ser_1_2050><TU_Ser_1_2051></TU_Ser_1_2051><TU_Ser_1_2052></TU_Ser_1_2052><TU_Ser_1_2053></TU_Ser_1_2053><TU_Ser_1_2054></TU_Ser_1_2054><TU_Ser_1_2055></TU_Ser_1_2055><TU_Ser_1_2056></TU_Ser_1_2056><TU_Ser_1_2057></TU_Ser_1_2057><TU_Ser_1_2058></TU_Ser_1_2058><TU_Ser_1_2059></TU_Ser_1_2059><TU_Ser_1_2060></TU_Ser_1_2060><TU_Ser_1_2061></TU_Ser_1_2061><TU_Ser_1_2062></TU_Ser_1_2062><TU_Ser_1_2063></TU_Ser_1_2063><TU_Ser_1_2064></TU_Ser_1_2064><TU_Ser_1_2065></TU_Ser_1_2065><TU_Ser_1_2066></TU_Ser_1_2066><TU_Ser_1_2067></TU_Ser_1_2067><TU_Ser_1_2068></TU_Ser_1_2068><TU_Ser_1_2069></TU_Ser_1_2069><TU_Ser_1_2070></TU_Ser_1_2070></row></data></energyintensityss_data>
