<?xml version="1.0" encoding="utf-8"?>
<factorpen_data><meta><autoIncrement>1</autoIncrement></meta><data><row><id>1</id><SID>1</SID><Agr_1_2019>0</Agr_1_2019><Agr_1_2020>0</Agr_1_2020><Agr_1_2021>0</Agr_1_2021><Agr_1_2022>0</Agr_1_2022><Agr_1_2023>0</Agr_1_2023><Agr_1_2024>0</Agr_1_2024><Agr_1_2025>0</Agr_1_2025><Agr_1_2026>0</Agr_1_2026><Agr_1_2027>0</Agr_1_2027><Agr_1_2028>0</Agr_1_2028><Agr_1_2029>0</Agr_1_2029><Agr_1_2030>0</Agr_1_2030><Agr_1_2031>0</Agr_1_2031><Agr_1_2032>0</Agr_1_2032><Agr_1_2033>0</Agr_1_2033><Agr_1_2034>0</Agr_1_2034><Agr_1_2035>0</Agr_1_2035><Agr_1_2036>0</Agr_1_2036><Agr_1_2037>0</Agr_1_2037><Agr_1_2038>0</Agr_1_2038><Agr_1_2039>0</Agr_1_2039><Agr_1_2040>0</Agr_1_2040><Agr_1_2041>0</Agr_1_2041><Agr_1_2042>0</Agr_1_2042><Agr_1_2043>0</Agr_1_2043><Agr_1_2044>0</Agr_1_2044><Agr_1_2045>0</Agr_1_2045><Agr_1_2046>0</Agr_1_2046><Agr_1_2047>0</Agr_1_2047><Agr_1_2048>0</Agr_1_2048><Agr_1_2049>0</Agr_1_2049><Agr_1_2050>0</Agr_1_2050><Agr_1_2051>0</Agr_1_2051><Agr_1_2052>0</Agr_1_2052><Agr_1_2053>0</Agr_1_2053><Agr_1_2054>0</Agr_1_2054><Agr_1_2055>0</Agr_1_2055><Agr_1_2056>0</Agr_1_2056><Agr_1_2057>0</Agr_1_2057><Agr_1_2058>0</Agr_1_2058><Agr_1_2059>0</Agr_1_2059><Agr_1_2060>0</Agr_1_2060><Agr_1_2061>0</Agr_1_2061><Agr_1_2062>0</Agr_1_2062><Agr_1_2063>0</Agr_1_2063><Agr_1_2064>0</Agr_1_2064><Agr_1_2065>0</Agr_1_2065><Agr_1_2066>0</Agr_1_2066><Agr_1_2067>0</Agr_1_2067><Agr_1_2068>0</Agr_1_2068><Agr_1_2069>0</Agr_1_2069><Agr_1_2070>0</Agr_1_2070><Agr_1_TF_2019></Agr_1_TF_2019><Agr_1_TF_2020></Agr_1_TF_2020><Agr_1_TF_2021></Agr_1_TF_2021><Agr_1_TF_2022></Agr_1_TF_2022><Agr_1_TF_2023></Agr_1_TF_2023><Agr_1_TF_2024></Agr_1_TF_2024><Agr_1_TF_2025></Agr_1_TF_2025><Agr_1_TF_2026></Agr_1_TF_2026><Agr_1_TF_2027></Agr_1_TF_2027><Agr_1_TF_2028></Agr_1_TF_2028><Agr_1_TF_2029></Agr_1_TF_2029><Agr_1_TF_2030></Agr_1_TF_2030><Agr_1_TF_2031></Agr_1_TF_2031><Agr_1_TF_2032></Agr_1_TF_2032><Agr_1_TF_2033></Agr_1_TF_2033><Agr_1_TF_2034></Agr_1_TF_2034><Agr_1_TF_2035></Agr_1_TF_2035><Agr_1_TF_2036></Agr_1_TF_2036><Agr_1_TF_2037></Agr_1_TF_2037><Agr_1_TF_2038></Agr_1_TF_2038><Agr_1_TF_2039></Agr_1_TF_2039><Agr_1_TF_2040></Agr_1_TF_2040><Agr_1_TF_2041></Agr_1_TF_2041><Agr_1_TF_2042></Agr_1_TF_2042><Agr_1_TF_2043></Agr_1_TF_2043><Agr_1_TF_2044></Agr_1_TF_2044><Agr_1_TF_2045></Agr_1_TF_2045><Agr_1_TF_2046></Agr_1_TF_2046><Agr_1_TF_2047></Agr_1_TF_2047><Agr_1_TF_2048></Agr_1_TF_2048><Agr_1_TF_2049></Agr_1_TF_2049><Agr_1_TF_2050></Agr_1_TF_2050><Agr_1_TF_2051></Agr_1_TF_2051><Agr_1_TF_2052></Agr_1_TF_2052><Agr_1_TF_2053></Agr_1_TF_2053><Agr_1_TF_2054></Agr_1_TF_2054><Agr_1_TF_2055></Agr_1_TF_2055><Agr_1_TF_2056></Agr_1_TF_2056><Agr_1_TF_2057></Agr_1_TF_2057><Agr_1_TF_2058></Agr_1_TF_2058><Agr_1_TF_2059></Agr_1_TF_2059><Agr_1_TF_2060></Agr_1_TF_2060><Agr_1_TF_2061></Agr_1_TF_2061><Agr_1_TF_2062></Agr_1_TF_2062><Agr_1_TF_2063></Agr_1_TF_2063><Agr_1_TF_2064></Agr_1_TF_2064><Agr_1_TF_2065></Agr_1_TF_2065><Agr_1_TF_2066></Agr_1_TF_2066><Agr_1_TF_2067></Agr_1_TF_2067><Agr_1_TF_2068></Agr_1_TF_2068><Agr_1_TF_2069></Agr_1_TF_2069><Agr_1_TF_2070></Agr_1_TF_2070><Agr_1_MB_2019></Agr_1_MB_2019><Agr_1_MB_2020></Agr_1_MB_2020><Agr_1_MB_2021></Agr_1_MB_2021><Agr_1_MB_2022></Agr_1_MB_2022><Agr_1_MB_2023></Agr_1_MB_2023><Agr_1_MB_2024></Agr_1_MB_2024><Agr_1_MB_2025></Agr_1_MB_2025><Agr_1_MB_2026></Agr_1_MB_2026><Agr_1_MB_2027></Agr_1_MB_2027><Agr_1_MB_2028></Agr_1_MB_2028><Agr_1_MB_2029></Agr_1_MB_2029><Agr_1_MB_2030></Agr_1_MB_2030><Agr_1_MB_2031></Agr_1_MB_2031><Agr_1_MB_2032></Agr_1_MB_2032><Agr_1_MB_2033></Agr_1_MB_2033><Agr_1_MB_2034></Agr_1_MB_2034><Agr_1_MB_2035></Agr_1_MB_2035><Agr_1_MB_2036></Agr_1_MB_2036><Agr_1_MB_2037></Agr_1_MB_2037><Agr_1_MB_2038></Agr_1_MB_2038><Agr_1_MB_2039></Agr_1_MB_2039><Agr_1_MB_2040></Agr_1_MB_2040><Agr_1_MB_2041></Agr_1_MB_2041><Agr_1_MB_2042></Agr_1_MB_2042><Agr_1_MB_2043></Agr_1_MB_2043><Agr_1_MB_2044></Agr_1_MB_2044><Agr_1_MB_2045></Agr_1_MB_2045><Agr_1_MB_2046></Agr_1_MB_2046><Agr_1_MB_2047></Agr_1_MB_2047><Agr_1_MB_2048></Agr_1_MB_2048><Agr_1_MB_2049></Agr_1_MB_2049><Agr_1_MB_2050></Agr_1_MB_2050><Agr_1_MB_2051></Agr_1_MB_2051><Agr_1_MB_2052></Agr_1_MB_2052><Agr_1_MB_2053></Agr_1_MB_2053><Agr_1_MB_2054></Agr_1_MB_2054><Agr_1_MB_2055></Agr_1_MB_2055><Agr_1_MB_2056></Agr_1_MB_2056><Agr_1_MB_2057></Agr_1_MB_2057><Agr_1_MB_2058></Agr_1_MB_2058><Agr_1_MB_2059></Agr_1_MB_2059><Agr_1_MB_2060></Agr_1_MB_2060><Agr_1_MB_2061></Agr_1_MB_2061><Agr_1_MB_2062></Agr_1_MB_2062><Agr_1_MB_2063></Agr_1_MB_2063><Agr_1_MB_2064></Agr_1_MB_2064><Agr_1_MB_2065></Agr_1_MB_2065><Agr_1_MB_2066></Agr_1_MB_2066><Agr_1_MB_2067></Agr_1_MB_2067><Agr_1_MB_2068></Agr_1_MB_2068><Agr_1_MB_2069></Agr_1_MB_2069><Agr_1_MB_2070></Agr_1_MB_2070><Agr_1_EL_2019></Agr_1_EL_2019><Agr_1_EL_2020></Agr_1_EL_2020><Agr_1_EL_2021></Agr_1_EL_2021><Agr_1_EL_2022></Agr_1_EL_2022><Agr_1_EL_2023></Agr_1_EL_2023><Agr_1_EL_2024></Agr_1_EL_2024><Agr_1_EL_2025></Agr_1_EL_2025><Agr_1_EL_2026></Agr_1_EL_2026><Agr_1_EL_2027></Agr_1_EL_2027><Agr_1_EL_2028></Agr_1_EL_2028><Agr_1_EL_2029></Agr_1_EL_2029><Agr_1_EL_2030></Agr_1_EL_2030><Agr_1_EL_2031></Agr_1_EL_2031><Agr_1_EL_2032></Agr_1_EL_2032><Agr_1_EL_2033></Agr_1_EL_2033><Agr_1_EL_2034></Agr_1_EL_2034><Agr_1_EL_2035></Agr_1_EL_2035><Agr_1_EL_2036></Agr_1_EL_2036><Agr_1_EL_2037></Agr_1_EL_2037><Agr_1_EL_2038></Agr_1_EL_2038><Agr_1_EL_2039></Agr_1_EL_2039><Agr_1_EL_2040></Agr_1_EL_2040><Agr_1_EL_2041></Agr_1_EL_2041><Agr_1_EL_2042></Agr_1_EL_2042><Agr_1_EL_2043></Agr_1_EL_2043><Agr_1_EL_2044></Agr_1_EL_2044><Agr_1_EL_2045></Agr_1_EL_2045><Agr_1_EL_2046></Agr_1_EL_2046><Agr_1_EL_2047></Agr_1_EL_2047><Agr_1_EL_2048></Agr_1_EL_2048><Agr_1_EL_2049></Agr_1_EL_2049><Agr_1_EL_2050></Agr_1_EL_2050><Agr_1_EL_2051></Agr_1_EL_2051><Agr_1_EL_2052></Agr_1_EL_2052><Agr_1_EL_2053></Agr_1_EL_2053><Agr_1_EL_2054></Agr_1_EL_2054><Agr_1_EL_2055></Agr_1_EL_2055><Agr_1_EL_2056></Agr_1_EL_2056><Agr_1_EL_2057></Agr_1_EL_2057><Agr_1_EL_2058></Agr_1_EL_2058><Agr_1_EL_2059></Agr_1_EL_2059><Agr_1_EL_2060></Agr_1_EL_2060><Agr_1_EL_2061></Agr_1_EL_2061><Agr_1_EL_2062></Agr_1_EL_2062><Agr_1_EL_2063></Agr_1_EL_2063><Agr_1_EL_2064></Agr_1_EL_2064><Agr_1_EL_2065></Agr_1_EL_2065><Agr_1_EL_2066></Agr_1_EL_2066><Agr_1_EL_2067></Agr_1_EL_2067><Agr_1_EL_2068></Agr_1_EL_2068><Agr_1_EL_2069></Agr_1_EL_2069><Agr_1_EL_2070></Agr_1_EL_2070><Agr_1_SO_2019></Agr_1_SO_2019><Agr_1_SO_2020></Agr_1_SO_2020><Agr_1_SO_2021></Agr_1_SO_2021><Agr_1_SO_2022></Agr_1_SO_2022><Agr_1_SO_2023></Agr_1_SO_2023><Agr_1_SO_2024></Agr_1_SO_2024><Agr_1_SO_2025></Agr_1_SO_2025><Agr_1_SO_2026></Agr_1_SO_2026><Agr_1_SO_2027></Agr_1_SO_2027><Agr_1_SO_2028></Agr_1_SO_2028><Agr_1_SO_2029></Agr_1_SO_2029><Agr_1_SO_2030></Agr_1_SO_2030><Agr_1_SO_2031></Agr_1_SO_2031><Agr_1_SO_2032></Agr_1_SO_2032><Agr_1_SO_2033></Agr_1_SO_2033><Agr_1_SO_2034></Agr_1_SO_2034><Agr_1_SO_2035></Agr_1_SO_2035><Agr_1_SO_2036></Agr_1_SO_2036><Agr_1_SO_2037></Agr_1_SO_2037><Agr_1_SO_2038></Agr_1_SO_2038><Agr_1_SO_2039></Agr_1_SO_2039><Agr_1_SO_2040></Agr_1_SO_2040><Agr_1_SO_2041></Agr_1_SO_2041><Agr_1_SO_2042></Agr_1_SO_2042><Agr_1_SO_2043></Agr_1_SO_2043><Agr_1_SO_2044></Agr_1_SO_2044><Agr_1_SO_2045></Agr_1_SO_2045><Agr_1_SO_2046></Agr_1_SO_2046><Agr_1_SO_2047></Agr_1_SO_2047><Agr_1_SO_2048></Agr_1_SO_2048><Agr_1_SO_2049></Agr_1_SO_2049><Agr_1_SO_2050></Agr_1_SO_2050><Agr_1_SO_2051></Agr_1_SO_2051><Agr_1_SO_2052></Agr_1_SO_2052><Agr_1_SO_2053></Agr_1_SO_2053><Agr_1_SO_2054></Agr_1_SO_2054><Agr_1_SO_2055></Agr_1_SO_2055><Agr_1_SO_2056></Agr_1_SO_2056><Agr_1_SO_2057></Agr_1_SO_2057><Agr_1_SO_2058></Agr_1_SO_2058><Agr_1_SO_2059></Agr_1_SO_2059><Agr_1_SO_2060></Agr_1_SO_2060><Agr_1_SO_2061></Agr_1_SO_2061><Agr_1_SO_2062></Agr_1_SO_2062><Agr_1_SO_2063></Agr_1_SO_2063><Agr_1_SO_2064></Agr_1_SO_2064><Agr_1_SO_2065></Agr_1_SO_2065><Agr_1_SO_2066></Agr_1_SO_2066><Agr_1_SO_2067></Agr_1_SO_2067><Agr_1_SO_2068></Agr_1_SO_2068><Agr_1_SO_2069></Agr_1_SO_2069><Agr_1_SO_2070></Agr_1_SO_2070><Agr_1_FF_2019></Agr_1_FF_2019><Agr_1_FF_2020></Agr_1_FF_2020><Agr_1_FF_2021></Agr_1_FF_2021><Agr_1_FF_2022></Agr_1_FF_2022><Agr_1_FF_2023></Agr_1_FF_2023><Agr_1_FF_2024></Agr_1_FF_2024><Agr_1_FF_2025></Agr_1_FF_2025><Agr_1_FF_2026></Agr_1_FF_2026><Agr_1_FF_2027></Agr_1_FF_2027><Agr_1_FF_2028></Agr_1_FF_2028><Agr_1_FF_2029></Agr_1_FF_2029><Agr_1_FF_2030></Agr_1_FF_2030><Agr_1_FF_2031></Agr_1_FF_2031><Agr_1_FF_2032></Agr_1_FF_2032><Agr_1_FF_2033></Agr_1_FF_2033><Agr_1_FF_2034></Agr_1_FF_2034><Agr_1_FF_2035></Agr_1_FF_2035><Agr_1_FF_2036></Agr_1_FF_2036><Agr_1_FF_2037></Agr_1_FF_2037><Agr_1_FF_2038></Agr_1_FF_2038><Agr_1_FF_2039></Agr_1_FF_2039><Agr_1_FF_2040></Agr_1_FF_2040><Agr_1_FF_2041></Agr_1_FF_2041><Agr_1_FF_2042></Agr_1_FF_2042><Agr_1_FF_2043></Agr_1_FF_2043><Agr_1_FF_2044></Agr_1_FF_2044><Agr_1_FF_2045></Agr_1_FF_2045><Agr_1_FF_2046></Agr_1_FF_2046><Agr_1_FF_2047></Agr_1_FF_2047><Agr_1_FF_2048></Agr_1_FF_2048><Agr_1_FF_2049></Agr_1_FF_2049><Agr_1_FF_2050></Agr_1_FF_2050><Agr_1_FF_2051></Agr_1_FF_2051><Agr_1_FF_2052></Agr_1_FF_2052><Agr_1_FF_2053></Agr_1_FF_2053><Agr_1_FF_2054></Agr_1_FF_2054><Agr_1_FF_2055></Agr_1_FF_2055><Agr_1_FF_2056></Agr_1_FF_2056><Agr_1_FF_2057></Agr_1_FF_2057><Agr_1_FF_2058></Agr_1_FF_2058><Agr_1_FF_2059></Agr_1_FF_2059><Agr_1_FF_2060></Agr_1_FF_2060><Agr_1_FF_2061></Agr_1_FF_2061><Agr_1_FF_2062></Agr_1_FF_2062><Agr_1_FF_2063></Agr_1_FF_2063><Agr_1_FF_2064></Agr_1_FF_2064><Agr_1_FF_2065></Agr_1_FF_2065><Agr_1_FF_2066></Agr_1_FF_2066><Agr_1_FF_2067></Agr_1_FF_2067><Agr_1_FF_2068></Agr_1_FF_2068><Agr_1_FF_2069></Agr_1_FF_2069><Agr_1_FF_2070></Agr_1_FF_2070><Cst_1_2019>100</Cst_1_2019><Cst_1_2020>100</Cst_1_2020><Cst_1_2021>100</Cst_1_2021><Cst_1_2022>100</Cst_1_2022><Cst_1_2023>100</Cst_1_2023><Cst_1_2024>100</Cst_1_2024><Cst_1_2025>100</Cst_1_2025><Cst_1_2026>100</Cst_1_2026><Cst_1_2027>100</Cst_1_2027><Cst_1_2028>100</Cst_1_2028><Cst_1_2029>100</Cst_1_2029><Cst_1_2030>100</Cst_1_2030><Cst_1_2031>100</Cst_1_2031><Cst_1_2032>100</Cst_1_2032><Cst_1_2033>100</Cst_1_2033><Cst_1_2034>100</Cst_1_2034><Cst_1_2035>100</Cst_1_2035><Cst_1_2036>100</Cst_1_2036><Cst_1_2037>100</Cst_1_2037><Cst_1_2038>100</Cst_1_2038><Cst_1_2039>100</Cst_1_2039><Cst_1_2040>100</Cst_1_2040><Cst_1_2041>100</Cst_1_2041><Cst_1_2042>100</Cst_1_2042><Cst_1_2043>100</Cst_1_2043><Cst_1_2044>100</Cst_1_2044><Cst_1_2045>100</Cst_1_2045><Cst_1_2046>100</Cst_1_2046><Cst_1_2047>100</Cst_1_2047><Cst_1_2048>100</Cst_1_2048><Cst_1_2049>100</Cst_1_2049><Cst_1_2050>100</Cst_1_2050><Cst_1_2051>100</Cst_1_2051><Cst_1_2052>100</Cst_1_2052><Cst_1_2053>100</Cst_1_2053><Cst_1_2054>100</Cst_1_2054><Cst_1_2055>100</Cst_1_2055><Cst_1_2056>100</Cst_1_2056><Cst_1_2057>100</Cst_1_2057><Cst_1_2058>100</Cst_1_2058><Cst_1_2059>100</Cst_1_2059><Cst_1_2060>100</Cst_1_2060><Cst_1_2061>100</Cst_1_2061><Cst_1_2062>100</Cst_1_2062><Cst_1_2063>100</Cst_1_2063><Cst_1_2064>100</Cst_1_2064><Cst_1_2065>100</Cst_1_2065><Cst_1_2066>100</Cst_1_2066><Cst_1_2067>100</Cst_1_2067><Cst_1_2068>100</Cst_1_2068><Cst_1_2069>100</Cst_1_2069><Cst_1_2070>100</Cst_1_2070><Cst_1_TF_2019></Cst_1_TF_2019><Cst_1_TF_2020></Cst_1_TF_2020><Cst_1_TF_2021></Cst_1_TF_2021><Cst_1_TF_2022></Cst_1_TF_2022><Cst_1_TF_2023></Cst_1_TF_2023><Cst_1_TF_2024></Cst_1_TF_2024><Cst_1_TF_2025></Cst_1_TF_2025><Cst_1_TF_2026></Cst_1_TF_2026><Cst_1_TF_2027></Cst_1_TF_2027><Cst_1_TF_2028></Cst_1_TF_2028><Cst_1_TF_2029></Cst_1_TF_2029><Cst_1_TF_2030></Cst_1_TF_2030><Cst_1_TF_2031></Cst_1_TF_2031><Cst_1_TF_2032></Cst_1_TF_2032><Cst_1_TF_2033></Cst_1_TF_2033><Cst_1_TF_2034></Cst_1_TF_2034><Cst_1_TF_2035></Cst_1_TF_2035><Cst_1_TF_2036></Cst_1_TF_2036><Cst_1_TF_2037></Cst_1_TF_2037><Cst_1_TF_2038></Cst_1_TF_2038><Cst_1_TF_2039></Cst_1_TF_2039><Cst_1_TF_2040></Cst_1_TF_2040><Cst_1_TF_2041></Cst_1_TF_2041><Cst_1_TF_2042></Cst_1_TF_2042><Cst_1_TF_2043></Cst_1_TF_2043><Cst_1_TF_2044></Cst_1_TF_2044><Cst_1_TF_2045></Cst_1_TF_2045><Cst_1_TF_2046></Cst_1_TF_2046><Cst_1_TF_2047></Cst_1_TF_2047><Cst_1_TF_2048></Cst_1_TF_2048><Cst_1_TF_2049></Cst_1_TF_2049><Cst_1_TF_2050></Cst_1_TF_2050><Cst_1_TF_2051></Cst_1_TF_2051><Cst_1_TF_2052></Cst_1_TF_2052><Cst_1_TF_2053></Cst_1_TF_2053><Cst_1_TF_2054></Cst_1_TF_2054><Cst_1_TF_2055></Cst_1_TF_2055><Cst_1_TF_2056></Cst_1_TF_2056><Cst_1_TF_2057></Cst_1_TF_2057><Cst_1_TF_2058></Cst_1_TF_2058><Cst_1_TF_2059></Cst_1_TF_2059><Cst_1_TF_2060></Cst_1_TF_2060><Cst_1_TF_2061></Cst_1_TF_2061><Cst_1_TF_2062></Cst_1_TF_2062><Cst_1_TF_2063></Cst_1_TF_2063><Cst_1_TF_2064></Cst_1_TF_2064><Cst_1_TF_2065></Cst_1_TF_2065><Cst_1_TF_2066></Cst_1_TF_2066><Cst_1_TF_2067></Cst_1_TF_2067><Cst_1_TF_2068></Cst_1_TF_2068><Cst_1_TF_2069></Cst_1_TF_2069><Cst_1_TF_2070></Cst_1_TF_2070><Cst_1_MB_2019></Cst_1_MB_2019><Cst_1_MB_2020></Cst_1_MB_2020><Cst_1_MB_2021></Cst_1_MB_2021><Cst_1_MB_2022></Cst_1_MB_2022><Cst_1_MB_2023></Cst_1_MB_2023><Cst_1_MB_2024></Cst_1_MB_2024><Cst_1_MB_2025></Cst_1_MB_2025><Cst_1_MB_2026></Cst_1_MB_2026><Cst_1_MB_2027></Cst_1_MB_2027><Cst_1_MB_2028></Cst_1_MB_2028><Cst_1_MB_2029></Cst_1_MB_2029><Cst_1_MB_2030></Cst_1_MB_2030><Cst_1_MB_2031></Cst_1_MB_2031><Cst_1_MB_2032></Cst_1_MB_2032><Cst_1_MB_2033></Cst_1_MB_2033><Cst_1_MB_2034></Cst_1_MB_2034><Cst_1_MB_2035></Cst_1_MB_2035><Cst_1_MB_2036></Cst_1_MB_2036><Cst_1_MB_2037></Cst_1_MB_2037><Cst_1_MB_2038></Cst_1_MB_2038><Cst_1_MB_2039></Cst_1_MB_2039><Cst_1_MB_2040></Cst_1_MB_2040><Cst_1_MB_2041></Cst_1_MB_2041><Cst_1_MB_2042></Cst_1_MB_2042><Cst_1_MB_2043></Cst_1_MB_2043><Cst_1_MB_2044></Cst_1_MB_2044><Cst_1_MB_2045></Cst_1_MB_2045><Cst_1_MB_2046></Cst_1_MB_2046><Cst_1_MB_2047></Cst_1_MB_2047><Cst_1_MB_2048></Cst_1_MB_2048><Cst_1_MB_2049></Cst_1_MB_2049><Cst_1_MB_2050></Cst_1_MB_2050><Cst_1_MB_2051></Cst_1_MB_2051><Cst_1_MB_2052></Cst_1_MB_2052><Cst_1_MB_2053></Cst_1_MB_2053><Cst_1_MB_2054></Cst_1_MB_2054><Cst_1_MB_2055></Cst_1_MB_2055><Cst_1_MB_2056></Cst_1_MB_2056><Cst_1_MB_2057></Cst_1_MB_2057><Cst_1_MB_2058></Cst_1_MB_2058><Cst_1_MB_2059></Cst_1_MB_2059><Cst_1_MB_2060></Cst_1_MB_2060><Cst_1_MB_2061></Cst_1_MB_2061><Cst_1_MB_2062></Cst_1_MB_2062><Cst_1_MB_2063></Cst_1_MB_2063><Cst_1_MB_2064></Cst_1_MB_2064><Cst_1_MB_2065></Cst_1_MB_2065><Cst_1_MB_2066></Cst_1_MB_2066><Cst_1_MB_2067></Cst_1_MB_2067><Cst_1_MB_2068></Cst_1_MB_2068><Cst_1_MB_2069></Cst_1_MB_2069><Cst_1_MB_2070></Cst_1_MB_2070><Cst_1_EL_2019></Cst_1_EL_2019><Cst_1_EL_2020></Cst_1_EL_2020><Cst_1_EL_2021></Cst_1_EL_2021><Cst_1_EL_2022></Cst_1_EL_2022><Cst_1_EL_2023></Cst_1_EL_2023><Cst_1_EL_2024></Cst_1_EL_2024><Cst_1_EL_2025></Cst_1_EL_2025><Cst_1_EL_2026></Cst_1_EL_2026><Cst_1_EL_2027></Cst_1_EL_2027><Cst_1_EL_2028></Cst_1_EL_2028><Cst_1_EL_2029></Cst_1_EL_2029><Cst_1_EL_2030></Cst_1_EL_2030><Cst_1_EL_2031></Cst_1_EL_2031><Cst_1_EL_2032></Cst_1_EL_2032><Cst_1_EL_2033></Cst_1_EL_2033><Cst_1_EL_2034></Cst_1_EL_2034><Cst_1_EL_2035></Cst_1_EL_2035><Cst_1_EL_2036></Cst_1_EL_2036><Cst_1_EL_2037></Cst_1_EL_2037><Cst_1_EL_2038></Cst_1_EL_2038><Cst_1_EL_2039></Cst_1_EL_2039><Cst_1_EL_2040></Cst_1_EL_2040><Cst_1_EL_2041></Cst_1_EL_2041><Cst_1_EL_2042></Cst_1_EL_2042><Cst_1_EL_2043></Cst_1_EL_2043><Cst_1_EL_2044></Cst_1_EL_2044><Cst_1_EL_2045></Cst_1_EL_2045><Cst_1_EL_2046></Cst_1_EL_2046><Cst_1_EL_2047></Cst_1_EL_2047><Cst_1_EL_2048></Cst_1_EL_2048><Cst_1_EL_2049></Cst_1_EL_2049><Cst_1_EL_2050></Cst_1_EL_2050><Cst_1_EL_2051></Cst_1_EL_2051><Cst_1_EL_2052></Cst_1_EL_2052><Cst_1_EL_2053></Cst_1_EL_2053><Cst_1_EL_2054></Cst_1_EL_2054><Cst_1_EL_2055></Cst_1_EL_2055><Cst_1_EL_2056></Cst_1_EL_2056><Cst_1_EL_2057></Cst_1_EL_2057><Cst_1_EL_2058></Cst_1_EL_2058><Cst_1_EL_2059></Cst_1_EL_2059><Cst_1_EL_2060></Cst_1_EL_2060><Cst_1_EL_2061></Cst_1_EL_2061><Cst_1_EL_2062></Cst_1_EL_2062><Cst_1_EL_2063></Cst_1_EL_2063><Cst_1_EL_2064></Cst_1_EL_2064><Cst_1_EL_2065></Cst_1_EL_2065><Cst_1_EL_2066></Cst_1_EL_2066><Cst_1_EL_2067></Cst_1_EL_2067><Cst_1_EL_2068></Cst_1_EL_2068><Cst_1_EL_2069></Cst_1_EL_2069><Cst_1_EL_2070></Cst_1_EL_2070><Cst_1_SO_2019></Cst_1_SO_2019><Cst_1_SO_2020></Cst_1_SO_2020><Cst_1_SO_2021></Cst_1_SO_2021><Cst_1_SO_2022></Cst_1_SO_2022><Cst_1_SO_2023></Cst_1_SO_2023><Cst_1_SO_2024></Cst_1_SO_2024><Cst_1_SO_2025></Cst_1_SO_2025><Cst_1_SO_2026></Cst_1_SO_2026><Cst_1_SO_2027></Cst_1_SO_2027><Cst_1_SO_2028></Cst_1_SO_2028><Cst_1_SO_2029></Cst_1_SO_2029><Cst_1_SO_2030></Cst_1_SO_2030><Cst_1_SO_2031></Cst_1_SO_2031><Cst_1_SO_2032></Cst_1_SO_2032><Cst_1_SO_2033></Cst_1_SO_2033><Cst_1_SO_2034></Cst_1_SO_2034><Cst_1_SO_2035></Cst_1_SO_2035><Cst_1_SO_2036></Cst_1_SO_2036><Cst_1_SO_2037></Cst_1_SO_2037><Cst_1_SO_2038></Cst_1_SO_2038><Cst_1_SO_2039></Cst_1_SO_2039><Cst_1_SO_2040></Cst_1_SO_2040><Cst_1_SO_2041></Cst_1_SO_2041><Cst_1_SO_2042></Cst_1_SO_2042><Cst_1_SO_2043></Cst_1_SO_2043><Cst_1_SO_2044></Cst_1_SO_2044><Cst_1_SO_2045></Cst_1_SO_2045><Cst_1_SO_2046></Cst_1_SO_2046><Cst_1_SO_2047></Cst_1_SO_2047><Cst_1_SO_2048></Cst_1_SO_2048><Cst_1_SO_2049></Cst_1_SO_2049><Cst_1_SO_2050></Cst_1_SO_2050><Cst_1_SO_2051></Cst_1_SO_2051><Cst_1_SO_2052></Cst_1_SO_2052><Cst_1_SO_2053></Cst_1_SO_2053><Cst_1_SO_2054></Cst_1_SO_2054><Cst_1_SO_2055></Cst_1_SO_2055><Cst_1_SO_2056></Cst_1_SO_2056><Cst_1_SO_2057></Cst_1_SO_2057><Cst_1_SO_2058></Cst_1_SO_2058><Cst_1_SO_2059></Cst_1_SO_2059><Cst_1_SO_2060></Cst_1_SO_2060><Cst_1_SO_2061></Cst_1_SO_2061><Cst_1_SO_2062></Cst_1_SO_2062><Cst_1_SO_2063></Cst_1_SO_2063><Cst_1_SO_2064></Cst_1_SO_2064><Cst_1_SO_2065></Cst_1_SO_2065><Cst_1_SO_2066></Cst_1_SO_2066><Cst_1_SO_2067></Cst_1_SO_2067><Cst_1_SO_2068></Cst_1_SO_2068><Cst_1_SO_2069></Cst_1_SO_2069><Cst_1_SO_2070></Cst_1_SO_2070><Cst_1_FF_2019>100</Cst_1_FF_2019><Cst_1_FF_2020>100</Cst_1_FF_2020><Cst_1_FF_2021>100</Cst_1_FF_2021><Cst_1_FF_2022>100</Cst_1_FF_2022><Cst_1_FF_2023>100</Cst_1_FF_2023><Cst_1_FF_2024>100</Cst_1_FF_2024><Cst_1_FF_2025>100</Cst_1_FF_2025><Cst_1_FF_2026>100</Cst_1_FF_2026><Cst_1_FF_2027>100</Cst_1_FF_2027><Cst_1_FF_2028>100</Cst_1_FF_2028><Cst_1_FF_2029>100</Cst_1_FF_2029><Cst_1_FF_2030>100</Cst_1_FF_2030><Cst_1_FF_2031>100</Cst_1_FF_2031><Cst_1_FF_2032>100</Cst_1_FF_2032><Cst_1_FF_2033>100</Cst_1_FF_2033><Cst_1_FF_2034>100</Cst_1_FF_2034><Cst_1_FF_2035>100</Cst_1_FF_2035><Cst_1_FF_2036>100</Cst_1_FF_2036><Cst_1_FF_2037>100</Cst_1_FF_2037><Cst_1_FF_2038>100</Cst_1_FF_2038><Cst_1_FF_2039>100</Cst_1_FF_2039><Cst_1_FF_2040>100</Cst_1_FF_2040><Cst_1_FF_2041>100</Cst_1_FF_2041><Cst_1_FF_2042>100</Cst_1_FF_2042><Cst_1_FF_2043>100</Cst_1_FF_2043><Cst_1_FF_2044>100</Cst_1_FF_2044><Cst_1_FF_2045>100</Cst_1_FF_2045><Cst_1_FF_2046>100</Cst_1_FF_2046><Cst_1_FF_2047>100</Cst_1_FF_2047><Cst_1_FF_2048>100</Cst_1_FF_2048><Cst_1_FF_2049>100</Cst_1_FF_2049><Cst_1_FF_2050>100</Cst_1_FF_2050><Cst_1_FF_2051>100</Cst_1_FF_2051><Cst_1_FF_2052>100</Cst_1_FF_2052><Cst_1_FF_2053>100</Cst_1_FF_2053><Cst_1_FF_2054>100</Cst_1_FF_2054><Cst_1_FF_2055>100</Cst_1_FF_2055><Cst_1_FF_2056>100</Cst_1_FF_2056><Cst_1_FF_2057>100</Cst_1_FF_2057><Cst_1_FF_2058>100</Cst_1_FF_2058><Cst_1_FF_2059>100</Cst_1_FF_2059><Cst_1_FF_2060>100</Cst_1_FF_2060><Cst_1_FF_2061>100</Cst_1_FF_2061><Cst_1_FF_2062>100</Cst_1_FF_2062><Cst_1_FF_2063>100</Cst_1_FF_2063><Cst_1_FF_2064>100</Cst_1_FF_2064><Cst_1_FF_2065>100</Cst_1_FF_2065><Cst_1_FF_2066>100</Cst_1_FF_2066><Cst_1_FF_2067>100</Cst_1_FF_2067><Cst_1_FF_2068>100</Cst_1_FF_2068><Cst_1_FF_2069>100</Cst_1_FF_2069><Cst_1_FF_2070>100</Cst_1_FF_2070><Min_1_2019>100</Min_1_2019><Min_1_2020>100</Min_1_2020><Min_1_2021>100</Min_1_2021><Min_1_2022>100</Min_1_2022><Min_1_2023>100</Min_1_2023><Min_1_2024>100</Min_1_2024><Min_1_2025>100</Min_1_2025><Min_1_2026>100</Min_1_2026><Min_1_2027>100</Min_1_2027><Min_1_2028>100</Min_1_2028><Min_1_2029>100</Min_1_2029><Min_1_2030>100</Min_1_2030><Min_1_2031>100</Min_1_2031><Min_1_2032>100</Min_1_2032><Min_1_2033>100</Min_1_2033><Min_1_2034>100</Min_1_2034><Min_1_2035>100</Min_1_2035><Min_1_2036>100</Min_1_2036><Min_1_2037>100</Min_1_2037><Min_1_2038>100</Min_1_2038><Min_1_2039>100</Min_1_2039><Min_1_2040>100</Min_1_2040><Min_1_2041>100</Min_1_2041><Min_1_2042>100</Min_1_2042><Min_1_2043>100</Min_1_2043><Min_1_2044>100</Min_1_2044><Min_1_2045>100</Min_1_2045><Min_1_2046>100</Min_1_2046><Min_1_2047>100</Min_1_2047><Min_1_2048>100</Min_1_2048><Min_1_2049>100</Min_1_2049><Min_1_2050>100</Min_1_2050><Min_1_2051>100</Min_1_2051><Min_1_2052>100</Min_1_2052><Min_1_2053>100</Min_1_2053><Min_1_2054>100</Min_1_2054><Min_1_2055>100</Min_1_2055><Min_1_2056>100</Min_1_2056><Min_1_2057>100</Min_1_2057><Min_1_2058>100</Min_1_2058><Min_1_2059>100</Min_1_2059><Min_1_2060>100</Min_1_2060><Min_1_2061>100</Min_1_2061><Min_1_2062>100</Min_1_2062><Min_1_2063>100</Min_1_2063><Min_1_2064>100</Min_1_2064><Min_1_2065>100</Min_1_2065><Min_1_2066>100</Min_1_2066><Min_1_2067>100</Min_1_2067><Min_1_2068>100</Min_1_2068><Min_1_2069>100</Min_1_2069><Min_1_2070>100</Min_1_2070><Min_1_TF_2019></Min_1_TF_2019><Min_1_TF_2020></Min_1_TF_2020><Min_1_TF_2021></Min_1_TF_2021><Min_1_TF_2022></Min_1_TF_2022><Min_1_TF_2023></Min_1_TF_2023><Min_1_TF_2024></Min_1_TF_2024><Min_1_TF_2025></Min_1_TF_2025><Min_1_TF_2026></Min_1_TF_2026><Min_1_TF_2027></Min_1_TF_2027><Min_1_TF_2028></Min_1_TF_2028><Min_1_TF_2029></Min_1_TF_2029><Min_1_TF_2030></Min_1_TF_2030><Min_1_TF_2031></Min_1_TF_2031><Min_1_TF_2032></Min_1_TF_2032><Min_1_TF_2033></Min_1_TF_2033><Min_1_TF_2034></Min_1_TF_2034><Min_1_TF_2035></Min_1_TF_2035><Min_1_TF_2036></Min_1_TF_2036><Min_1_TF_2037></Min_1_TF_2037><Min_1_TF_2038></Min_1_TF_2038><Min_1_TF_2039></Min_1_TF_2039><Min_1_TF_2040></Min_1_TF_2040><Min_1_TF_2041></Min_1_TF_2041><Min_1_TF_2042></Min_1_TF_2042><Min_1_TF_2043></Min_1_TF_2043><Min_1_TF_2044></Min_1_TF_2044><Min_1_TF_2045></Min_1_TF_2045><Min_1_TF_2046></Min_1_TF_2046><Min_1_TF_2047></Min_1_TF_2047><Min_1_TF_2048></Min_1_TF_2048><Min_1_TF_2049></Min_1_TF_2049><Min_1_TF_2050></Min_1_TF_2050><Min_1_TF_2051></Min_1_TF_2051><Min_1_TF_2052></Min_1_TF_2052><Min_1_TF_2053></Min_1_TF_2053><Min_1_TF_2054></Min_1_TF_2054><Min_1_TF_2055></Min_1_TF_2055><Min_1_TF_2056></Min_1_TF_2056><Min_1_TF_2057></Min_1_TF_2057><Min_1_TF_2058></Min_1_TF_2058><Min_1_TF_2059></Min_1_TF_2059><Min_1_TF_2060></Min_1_TF_2060><Min_1_TF_2061></Min_1_TF_2061><Min_1_TF_2062></Min_1_TF_2062><Min_1_TF_2063></Min_1_TF_2063><Min_1_TF_2064></Min_1_TF_2064><Min_1_TF_2065></Min_1_TF_2065><Min_1_TF_2066></Min_1_TF_2066><Min_1_TF_2067></Min_1_TF_2067><Min_1_TF_2068></Min_1_TF_2068><Min_1_TF_2069></Min_1_TF_2069><Min_1_TF_2070></Min_1_TF_2070><Min_1_MB_2019></Min_1_MB_2019><Min_1_MB_2020></Min_1_MB_2020><Min_1_MB_2021></Min_1_MB_2021><Min_1_MB_2022></Min_1_MB_2022><Min_1_MB_2023></Min_1_MB_2023><Min_1_MB_2024></Min_1_MB_2024><Min_1_MB_2025></Min_1_MB_2025><Min_1_MB_2026></Min_1_MB_2026><Min_1_MB_2027></Min_1_MB_2027><Min_1_MB_2028></Min_1_MB_2028><Min_1_MB_2029></Min_1_MB_2029><Min_1_MB_2030></Min_1_MB_2030><Min_1_MB_2031></Min_1_MB_2031><Min_1_MB_2032></Min_1_MB_2032><Min_1_MB_2033></Min_1_MB_2033><Min_1_MB_2034></Min_1_MB_2034><Min_1_MB_2035></Min_1_MB_2035><Min_1_MB_2036></Min_1_MB_2036><Min_1_MB_2037></Min_1_MB_2037><Min_1_MB_2038></Min_1_MB_2038><Min_1_MB_2039></Min_1_MB_2039><Min_1_MB_2040></Min_1_MB_2040><Min_1_MB_2041></Min_1_MB_2041><Min_1_MB_2042></Min_1_MB_2042><Min_1_MB_2043></Min_1_MB_2043><Min_1_MB_2044></Min_1_MB_2044><Min_1_MB_2045></Min_1_MB_2045><Min_1_MB_2046></Min_1_MB_2046><Min_1_MB_2047></Min_1_MB_2047><Min_1_MB_2048></Min_1_MB_2048><Min_1_MB_2049></Min_1_MB_2049><Min_1_MB_2050></Min_1_MB_2050><Min_1_MB_2051></Min_1_MB_2051><Min_1_MB_2052></Min_1_MB_2052><Min_1_MB_2053></Min_1_MB_2053><Min_1_MB_2054></Min_1_MB_2054><Min_1_MB_2055></Min_1_MB_2055><Min_1_MB_2056></Min_1_MB_2056><Min_1_MB_2057></Min_1_MB_2057><Min_1_MB_2058></Min_1_MB_2058><Min_1_MB_2059></Min_1_MB_2059><Min_1_MB_2060></Min_1_MB_2060><Min_1_MB_2061></Min_1_MB_2061><Min_1_MB_2062></Min_1_MB_2062><Min_1_MB_2063></Min_1_MB_2063><Min_1_MB_2064></Min_1_MB_2064><Min_1_MB_2065></Min_1_MB_2065><Min_1_MB_2066></Min_1_MB_2066><Min_1_MB_2067></Min_1_MB_2067><Min_1_MB_2068></Min_1_MB_2068><Min_1_MB_2069></Min_1_MB_2069><Min_1_MB_2070></Min_1_MB_2070><Min_1_EL_2019></Min_1_EL_2019><Min_1_EL_2020></Min_1_EL_2020><Min_1_EL_2021></Min_1_EL_2021><Min_1_EL_2022></Min_1_EL_2022><Min_1_EL_2023></Min_1_EL_2023><Min_1_EL_2024></Min_1_EL_2024><Min_1_EL_2025></Min_1_EL_2025><Min_1_EL_2026></Min_1_EL_2026><Min_1_EL_2027></Min_1_EL_2027><Min_1_EL_2028></Min_1_EL_2028><Min_1_EL_2029></Min_1_EL_2029><Min_1_EL_2030></Min_1_EL_2030><Min_1_EL_2031></Min_1_EL_2031><Min_1_EL_2032></Min_1_EL_2032><Min_1_EL_2033></Min_1_EL_2033><Min_1_EL_2034></Min_1_EL_2034><Min_1_EL_2035></Min_1_EL_2035><Min_1_EL_2036></Min_1_EL_2036><Min_1_EL_2037></Min_1_EL_2037><Min_1_EL_2038></Min_1_EL_2038><Min_1_EL_2039></Min_1_EL_2039><Min_1_EL_2040></Min_1_EL_2040><Min_1_EL_2041></Min_1_EL_2041><Min_1_EL_2042></Min_1_EL_2042><Min_1_EL_2043></Min_1_EL_2043><Min_1_EL_2044></Min_1_EL_2044><Min_1_EL_2045></Min_1_EL_2045><Min_1_EL_2046></Min_1_EL_2046><Min_1_EL_2047></Min_1_EL_2047><Min_1_EL_2048></Min_1_EL_2048><Min_1_EL_2049></Min_1_EL_2049><Min_1_EL_2050></Min_1_EL_2050><Min_1_EL_2051></Min_1_EL_2051><Min_1_EL_2052></Min_1_EL_2052><Min_1_EL_2053></Min_1_EL_2053><Min_1_EL_2054></Min_1_EL_2054><Min_1_EL_2055></Min_1_EL_2055><Min_1_EL_2056></Min_1_EL_2056><Min_1_EL_2057></Min_1_EL_2057><Min_1_EL_2058></Min_1_EL_2058><Min_1_EL_2059></Min_1_EL_2059><Min_1_EL_2060></Min_1_EL_2060><Min_1_EL_2061></Min_1_EL_2061><Min_1_EL_2062></Min_1_EL_2062><Min_1_EL_2063></Min_1_EL_2063><Min_1_EL_2064></Min_1_EL_2064><Min_1_EL_2065></Min_1_EL_2065><Min_1_EL_2066></Min_1_EL_2066><Min_1_EL_2067></Min_1_EL_2067><Min_1_EL_2068></Min_1_EL_2068><Min_1_EL_2069></Min_1_EL_2069><Min_1_EL_2070></Min_1_EL_2070><Min_1_SO_2019></Min_1_SO_2019><Min_1_SO_2020></Min_1_SO_2020><Min_1_SO_2021></Min_1_SO_2021><Min_1_SO_2022></Min_1_SO_2022><Min_1_SO_2023></Min_1_SO_2023><Min_1_SO_2024></Min_1_SO_2024><Min_1_SO_2025></Min_1_SO_2025><Min_1_SO_2026></Min_1_SO_2026><Min_1_SO_2027></Min_1_SO_2027><Min_1_SO_2028></Min_1_SO_2028><Min_1_SO_2029></Min_1_SO_2029><Min_1_SO_2030></Min_1_SO_2030><Min_1_SO_2031></Min_1_SO_2031><Min_1_SO_2032></Min_1_SO_2032><Min_1_SO_2033></Min_1_SO_2033><Min_1_SO_2034></Min_1_SO_2034><Min_1_SO_2035></Min_1_SO_2035><Min_1_SO_2036></Min_1_SO_2036><Min_1_SO_2037></Min_1_SO_2037><Min_1_SO_2038></Min_1_SO_2038><Min_1_SO_2039></Min_1_SO_2039><Min_1_SO_2040></Min_1_SO_2040><Min_1_SO_2041></Min_1_SO_2041><Min_1_SO_2042></Min_1_SO_2042><Min_1_SO_2043></Min_1_SO_2043><Min_1_SO_2044></Min_1_SO_2044><Min_1_SO_2045></Min_1_SO_2045><Min_1_SO_2046></Min_1_SO_2046><Min_1_SO_2047></Min_1_SO_2047><Min_1_SO_2048></Min_1_SO_2048><Min_1_SO_2049></Min_1_SO_2049><Min_1_SO_2050></Min_1_SO_2050><Min_1_SO_2051></Min_1_SO_2051><Min_1_SO_2052></Min_1_SO_2052><Min_1_SO_2053></Min_1_SO_2053><Min_1_SO_2054></Min_1_SO_2054><Min_1_SO_2055></Min_1_SO_2055><Min_1_SO_2056></Min_1_SO_2056><Min_1_SO_2057></Min_1_SO_2057><Min_1_SO_2058></Min_1_SO_2058><Min_1_SO_2059></Min_1_SO_2059><Min_1_SO_2060></Min_1_SO_2060><Min_1_SO_2061></Min_1_SO_2061><Min_1_SO_2062></Min_1_SO_2062><Min_1_SO_2063></Min_1_SO_2063><Min_1_SO_2064></Min_1_SO_2064><Min_1_SO_2065></Min_1_SO_2065><Min_1_SO_2066></Min_1_SO_2066><Min_1_SO_2067></Min_1_SO_2067><Min_1_SO_2068></Min_1_SO_2068><Min_1_SO_2069></Min_1_SO_2069><Min_1_SO_2070></Min_1_SO_2070><Min_1_FF_2019>100</Min_1_FF_2019><Min_1_FF_2020>100</Min_1_FF_2020><Min_1_FF_2021>100</Min_1_FF_2021><Min_1_FF_2022>100</Min_1_FF_2022><Min_1_FF_2023>100</Min_1_FF_2023><Min_1_FF_2024>100</Min_1_FF_2024><Min_1_FF_2025>100</Min_1_FF_2025><Min_1_FF_2026>100</Min_1_FF_2026><Min_1_FF_2027>100</Min_1_FF_2027><Min_1_FF_2028>100</Min_1_FF_2028><Min_1_FF_2029>100</Min_1_FF_2029><Min_1_FF_2030>100</Min_1_FF_2030><Min_1_FF_2031>100</Min_1_FF_2031><Min_1_FF_2032>100</Min_1_FF_2032><Min_1_FF_2033>100</Min_1_FF_2033><Min_1_FF_2034>100</Min_1_FF_2034><Min_1_FF_2035>100</Min_1_FF_2035><Min_1_FF_2036>100</Min_1_FF_2036><Min_1_FF_2037>100</Min_1_FF_2037><Min_1_FF_2038>100</Min_1_FF_2038><Min_1_FF_2039>100</Min_1_FF_2039><Min_1_FF_2040>100</Min_1_FF_2040><Min_1_FF_2041>100</Min_1_FF_2041><Min_1_FF_2042>100</Min_1_FF_2042><Min_1_FF_2043>100</Min_1_FF_2043><Min_1_FF_2044>100</Min_1_FF_2044><Min_1_FF_2045>100</Min_1_FF_2045><Min_1_FF_2046>100</Min_1_FF_2046><Min_1_FF_2047>100</Min_1_FF_2047><Min_1_FF_2048>100</Min_1_FF_2048><Min_1_FF_2049>100</Min_1_FF_2049><Min_1_FF_2050>100</Min_1_FF_2050><Min_1_FF_2051>100</Min_1_FF_2051><Min_1_FF_2052>100</Min_1_FF_2052><Min_1_FF_2053>100</Min_1_FF_2053><Min_1_FF_2054>100</Min_1_FF_2054><Min_1_FF_2055>100</Min_1_FF_2055><Min_1_FF_2056>100</Min_1_FF_2056><Min_1_FF_2057>100</Min_1_FF_2057><Min_1_FF_2058>100</Min_1_FF_2058><Min_1_FF_2059>100</Min_1_FF_2059><Min_1_FF_2060>100</Min_1_FF_2060><Min_1_FF_2061>100</Min_1_FF_2061><Min_1_FF_2062>100</Min_1_FF_2062><Min_1_FF_2063>100</Min_1_FF_2063><Min_1_FF_2064>100</Min_1_FF_2064><Min_1_FF_2065>100</Min_1_FF_2065><Min_1_FF_2066>100</Min_1_FF_2066><Min_1_FF_2067>100</Min_1_FF_2067><Min_1_FF_2068>100</Min_1_FF_2068><Min_1_FF_2069>100</Min_1_FF_2069><Min_1_FF_2070>100</Min_1_FF_2070></row></data></factorpen_data>
