<?xml version="1.0" encoding="utf-8"?>
<factorss_data><meta><autoIncrement>1</autoIncrement></meta><data><row><id>1</id><SID>1</SID><B_LF_2018></B_LF_2018><B_LF_2019></B_LF_2019><B_LF_2020></B_LF_2020><B_LF_2021></B_LF_2021><B_LF_2022></B_LF_2022><B_LF_2023></B_LF_2023><B_LF_2024></B_LF_2024><B_LF_2025></B_LF_2025><B_LF_2026></B_LF_2026><B_LF_2027></B_LF_2027><B_LF_2028></B_LF_2028><B_LF_2029></B_LF_2029><B_LF_2030></B_LF_2030><B_LF_2031></B_LF_2031><B_LF_2032></B_LF_2032><B_LF_2033></B_LF_2033><B_LF_2034></B_LF_2034><B_LF_2035></B_LF_2035><B_LF_2036></B_LF_2036><B_LF_2037></B_LF_2037><B_LF_2038></B_LF_2038><B_LF_2039></B_LF_2039><B_LF_2040></B_LF_2040><B_LF_2041></B_LF_2041><B_LF_2042></B_LF_2042><B_LF_2043></B_LF_2043><B_LF_2044></B_LF_2044><B_LF_2045></B_LF_2045><B_LF_2046></B_LF_2046><B_LF_2047></B_LF_2047><B_LF_2048></B_LF_2048><B_LF_2049></B_LF_2049><B_LF_2050></B_LF_2050><B_FA_2018></B_FA_2018><B_FA_2019></B_FA_2019><B_FA_2020></B_FA_2020><B_FA_2021></B_FA_2021><B_FA_2022></B_FA_2022><B_FA_2023></B_FA_2023><B_FA_2024></B_FA_2024><B_FA_2025></B_FA_2025><B_FA_2026></B_FA_2026><B_FA_2027></B_FA_2027><B_FA_2028></B_FA_2028><B_FA_2029></B_FA_2029><B_FA_2030></B_FA_2030><B_FA_2031></B_FA_2031><B_FA_2032></B_FA_2032><B_FA_2033></B_FA_2033><B_FA_2034></B_FA_2034><B_FA_2035></B_FA_2035><B_FA_2036></B_FA_2036><B_FA_2037></B_FA_2037><B_FA_2038></B_FA_2038><B_FA_2039></B_FA_2039><B_FA_2040></B_FA_2040><B_FA_2041></B_FA_2041><B_FA_2042></B_FA_2042><B_FA_2043></B_FA_2043><B_FA_2044></B_FA_2044><B_FA_2045></B_FA_2045><B_FA_2046></B_FA_2046><B_FA_2047></B_FA_2047><B_FA_2048></B_FA_2048><B_FA_2049></B_FA_2049><B_FA_2050></B_FA_2050><T_LF_2018></T_LF_2018><T_LF_2019></T_LF_2019><T_LF_2020></T_LF_2020><T_LF_2021></T_LF_2021><T_LF_2022></T_LF_2022><T_LF_2023></T_LF_2023><T_LF_2024></T_LF_2024><T_LF_2025></T_LF_2025><T_LF_2026></T_LF_2026><T_LF_2027></T_LF_2027><T_LF_2028></T_LF_2028><T_LF_2029></T_LF_2029><T_LF_2030></T_LF_2030><T_LF_2031></T_LF_2031><T_LF_2032></T_LF_2032><T_LF_2033></T_LF_2033><T_LF_2034></T_LF_2034><T_LF_2035></T_LF_2035><T_LF_2036></T_LF_2036><T_LF_2037></T_LF_2037><T_LF_2038></T_LF_2038><T_LF_2039></T_LF_2039><T_LF_2040></T_LF_2040><T_LF_2041></T_LF_2041><T_LF_2042></T_LF_2042><T_LF_2043></T_LF_2043><T_LF_2044></T_LF_2044><T_LF_2045></T_LF_2045><T_LF_2046></T_LF_2046><T_LF_2047></T_LF_2047><T_LF_2048></T_LF_2048><T_LF_2049></T_LF_2049><T_LF_2050></T_LF_2050><T_FA_2018></T_FA_2018><T_FA_2019></T_FA_2019><T_FA_2020></T_FA_2020><T_FA_2021></T_FA_2021><T_FA_2022></T_FA_2022><T_FA_2023></T_FA_2023><T_FA_2024></T_FA_2024><T_FA_2025></T_FA_2025><T_FA_2026></T_FA_2026><T_FA_2027></T_FA_2027><T_FA_2028></T_FA_2028><T_FA_2029></T_FA_2029><T_FA_2030></T_FA_2030><T_FA_2031></T_FA_2031><T_FA_2032></T_FA_2032><T_FA_2033></T_FA_2033><T_FA_2034></T_FA_2034><T_FA_2035></T_FA_2035><T_FA_2036></T_FA_2036><T_FA_2037></T_FA_2037><T_FA_2038></T_FA_2038><T_FA_2039></T_FA_2039><T_FA_2040></T_FA_2040><T_FA_2041></T_FA_2041><T_FA_2042></T_FA_2042><T_FA_2043></T_FA_2043><T_FA_2044></T_FA_2044><T_FA_2045></T_FA_2045><T_FA_2046></T_FA_2046><T_FA_2047></T_FA_2047><T_FA_2048></T_FA_2048><T_FA_2049></T_FA_2049><T_FA_2050></T_FA_2050></row></data></factorss_data>
