<?xml version="1.0" encoding="utf-8"?>
<eratiomanuf_data><meta><autoIncrement>3</autoIncrement></meta><data><row><id>3</id><SID>1</SID><Man_1_TF_FDH_2019></Man_1_TF_FDH_2019><Man_1_TF_FDH_2020></Man_1_TF_FDH_2020><Man_1_TF_FDH_2021></Man_1_TF_FDH_2021><Man_1_TF_FDH_2022></Man_1_TF_FDH_2022><Man_1_TF_FDH_2023></Man_1_TF_FDH_2023><Man_1_TF_FDH_2024></Man_1_TF_FDH_2024><Man_1_TF_FDH_2025></Man_1_TF_FDH_2025><Man_1_TF_FDH_2026></Man_1_TF_FDH_2026><Man_1_TF_FDH_2027></Man_1_TF_FDH_2027><Man_1_TF_FDH_2028></Man_1_TF_FDH_2028><Man_1_TF_FDH_2029></Man_1_TF_FDH_2029><Man_1_TF_FDH_2030></Man_1_TF_FDH_2030><Man_1_TF_FDH_2031></Man_1_TF_FDH_2031><Man_1_TF_FDH_2032></Man_1_TF_FDH_2032><Man_1_TF_FDH_2033></Man_1_TF_FDH_2033><Man_1_TF_FDH_2034></Man_1_TF_FDH_2034><Man_1_TF_FDH_2035></Man_1_TF_FDH_2035><Man_1_TF_FDH_2036></Man_1_TF_FDH_2036><Man_1_TF_FDH_2037></Man_1_TF_FDH_2037><Man_1_TF_FDH_2038></Man_1_TF_FDH_2038><Man_1_TF_FDH_2039></Man_1_TF_FDH_2039><Man_1_TF_FDH_2040></Man_1_TF_FDH_2040><Man_1_TF_FDH_2041></Man_1_TF_FDH_2041><Man_1_TF_FDH_2042></Man_1_TF_FDH_2042><Man_1_TF_FDH_2043></Man_1_TF_FDH_2043><Man_1_TF_FDH_2044></Man_1_TF_FDH_2044><Man_1_TF_FDH_2045></Man_1_TF_FDH_2045><Man_1_TF_FDH_2046></Man_1_TF_FDH_2046><Man_1_TF_FDH_2047></Man_1_TF_FDH_2047><Man_1_TF_FDH_2048></Man_1_TF_FDH_2048><Man_1_TF_FDH_2049></Man_1_TF_FDH_2049><Man_1_TF_FDH_2050></Man_1_TF_FDH_2050><Man_1_TF_FDH_2051></Man_1_TF_FDH_2051><Man_1_TF_FDH_2052></Man_1_TF_FDH_2052><Man_1_TF_FDH_2053></Man_1_TF_FDH_2053><Man_1_TF_FDH_2054></Man_1_TF_FDH_2054><Man_1_TF_FDH_2055></Man_1_TF_FDH_2055><Man_1_TF_FDH_2056></Man_1_TF_FDH_2056><Man_1_TF_FDH_2057></Man_1_TF_FDH_2057><Man_1_TF_FDH_2058></Man_1_TF_FDH_2058><Man_1_TF_FDH_2059></Man_1_TF_FDH_2059><Man_1_TF_FDH_2060></Man_1_TF_FDH_2060><Man_1_TF_FDH_2061></Man_1_TF_FDH_2061><Man_1_TF_FDH_2062></Man_1_TF_FDH_2062><Man_1_TF_FDH_2063></Man_1_TF_FDH_2063><Man_1_TF_FDH_2064></Man_1_TF_FDH_2064><Man_1_TF_FDH_2065></Man_1_TF_FDH_2065><Man_1_TF_FDH_2066></Man_1_TF_FDH_2066><Man_1_TF_FDH_2067></Man_1_TF_FDH_2067><Man_1_TF_FDH_2068></Man_1_TF_FDH_2068><Man_1_TF_FDH_2069></Man_1_TF_FDH_2069><Man_1_TF_FDH_2070></Man_1_TF_FDH_2070><Man_1_MB_FDH_2019></Man_1_MB_FDH_2019><Man_1_MB_FDH_2020></Man_1_MB_FDH_2020><Man_1_MB_FDH_2021></Man_1_MB_FDH_2021><Man_1_MB_FDH_2022></Man_1_MB_FDH_2022><Man_1_MB_FDH_2023></Man_1_MB_FDH_2023><Man_1_MB_FDH_2024></Man_1_MB_FDH_2024><Man_1_MB_FDH_2025></Man_1_MB_FDH_2025><Man_1_MB_FDH_2026></Man_1_MB_FDH_2026><Man_1_MB_FDH_2027></Man_1_MB_FDH_2027><Man_1_MB_FDH_2028></Man_1_MB_FDH_2028><Man_1_MB_FDH_2029></Man_1_MB_FDH_2029><Man_1_MB_FDH_2030></Man_1_MB_FDH_2030><Man_1_MB_FDH_2031></Man_1_MB_FDH_2031><Man_1_MB_FDH_2032></Man_1_MB_FDH_2032><Man_1_MB_FDH_2033></Man_1_MB_FDH_2033><Man_1_MB_FDH_2034></Man_1_MB_FDH_2034><Man_1_MB_FDH_2035></Man_1_MB_FDH_2035><Man_1_MB_FDH_2036></Man_1_MB_FDH_2036><Man_1_MB_FDH_2037></Man_1_MB_FDH_2037><Man_1_MB_FDH_2038></Man_1_MB_FDH_2038><Man_1_MB_FDH_2039></Man_1_MB_FDH_2039><Man_1_MB_FDH_2040></Man_1_MB_FDH_2040><Man_1_MB_FDH_2041></Man_1_MB_FDH_2041><Man_1_MB_FDH_2042></Man_1_MB_FDH_2042><Man_1_MB_FDH_2043></Man_1_MB_FDH_2043><Man_1_MB_FDH_2044></Man_1_MB_FDH_2044><Man_1_MB_FDH_2045></Man_1_MB_FDH_2045><Man_1_MB_FDH_2046></Man_1_MB_FDH_2046><Man_1_MB_FDH_2047></Man_1_MB_FDH_2047><Man_1_MB_FDH_2048></Man_1_MB_FDH_2048><Man_1_MB_FDH_2049></Man_1_MB_FDH_2049><Man_1_MB_FDH_2050></Man_1_MB_FDH_2050><Man_1_MB_FDH_2051></Man_1_MB_FDH_2051><Man_1_MB_FDH_2052></Man_1_MB_FDH_2052><Man_1_MB_FDH_2053></Man_1_MB_FDH_2053><Man_1_MB_FDH_2054></Man_1_MB_FDH_2054><Man_1_MB_FDH_2055></Man_1_MB_FDH_2055><Man_1_MB_FDH_2056></Man_1_MB_FDH_2056><Man_1_MB_FDH_2057></Man_1_MB_FDH_2057><Man_1_MB_FDH_2058></Man_1_MB_FDH_2058><Man_1_MB_FDH_2059></Man_1_MB_FDH_2059><Man_1_MB_FDH_2060></Man_1_MB_FDH_2060><Man_1_MB_FDH_2061></Man_1_MB_FDH_2061><Man_1_MB_FDH_2062></Man_1_MB_FDH_2062><Man_1_MB_FDH_2063></Man_1_MB_FDH_2063><Man_1_MB_FDH_2064></Man_1_MB_FDH_2064><Man_1_MB_FDH_2065></Man_1_MB_FDH_2065><Man_1_MB_FDH_2066></Man_1_MB_FDH_2066><Man_1_MB_FDH_2067></Man_1_MB_FDH_2067><Man_1_MB_FDH_2068></Man_1_MB_FDH_2068><Man_1_MB_FDH_2069></Man_1_MB_FDH_2069><Man_1_MB_FDH_2070></Man_1_MB_FDH_2070><Man_1_FF_FDH_2019>40</Man_1_FF_FDH_2019><Man_1_FF_FDH_2020>40</Man_1_FF_FDH_2020><Man_1_FF_FDH_2021>40</Man_1_FF_FDH_2021><Man_1_FF_FDH_2022>40</Man_1_FF_FDH_2022><Man_1_FF_FDH_2023>40</Man_1_FF_FDH_2023><Man_1_FF_FDH_2024>40</Man_1_FF_FDH_2024><Man_1_FF_FDH_2025>40</Man_1_FF_FDH_2025><Man_1_FF_FDH_2026>40</Man_1_FF_FDH_2026><Man_1_FF_FDH_2027>40</Man_1_FF_FDH_2027><Man_1_FF_FDH_2028>40</Man_1_FF_FDH_2028><Man_1_FF_FDH_2029>40</Man_1_FF_FDH_2029><Man_1_FF_FDH_2030>40</Man_1_FF_FDH_2030><Man_1_FF_FDH_2031>40</Man_1_FF_FDH_2031><Man_1_FF_FDH_2032>40</Man_1_FF_FDH_2032><Man_1_FF_FDH_2033>40</Man_1_FF_FDH_2033><Man_1_FF_FDH_2034>40</Man_1_FF_FDH_2034><Man_1_FF_FDH_2035>40</Man_1_FF_FDH_2035><Man_1_FF_FDH_2036>40</Man_1_FF_FDH_2036><Man_1_FF_FDH_2037>40</Man_1_FF_FDH_2037><Man_1_FF_FDH_2038>40</Man_1_FF_FDH_2038><Man_1_FF_FDH_2039>40</Man_1_FF_FDH_2039><Man_1_FF_FDH_2040>40</Man_1_FF_FDH_2040><Man_1_FF_FDH_2041>40</Man_1_FF_FDH_2041><Man_1_FF_FDH_2042>40</Man_1_FF_FDH_2042><Man_1_FF_FDH_2043>40</Man_1_FF_FDH_2043><Man_1_FF_FDH_2044>40</Man_1_FF_FDH_2044><Man_1_FF_FDH_2045>40</Man_1_FF_FDH_2045><Man_1_FF_FDH_2046>40</Man_1_FF_FDH_2046><Man_1_FF_FDH_2047>40</Man_1_FF_FDH_2047><Man_1_FF_FDH_2048>40</Man_1_FF_FDH_2048><Man_1_FF_FDH_2049>40</Man_1_FF_FDH_2049><Man_1_FF_FDH_2050>40</Man_1_FF_FDH_2050><Man_1_FF_FDH_2051>40</Man_1_FF_FDH_2051><Man_1_FF_FDH_2052>40</Man_1_FF_FDH_2052><Man_1_FF_FDH_2053>40</Man_1_FF_FDH_2053><Man_1_FF_FDH_2054>40</Man_1_FF_FDH_2054><Man_1_FF_FDH_2055>40</Man_1_FF_FDH_2055><Man_1_FF_FDH_2056>40</Man_1_FF_FDH_2056><Man_1_FF_FDH_2057>40</Man_1_FF_FDH_2057><Man_1_FF_FDH_2058>40</Man_1_FF_FDH_2058><Man_1_FF_FDH_2059>40</Man_1_FF_FDH_2059><Man_1_FF_FDH_2060>40</Man_1_FF_FDH_2060><Man_1_FF_FDH_2061>40</Man_1_FF_FDH_2061><Man_1_FF_FDH_2062>40</Man_1_FF_FDH_2062><Man_1_FF_FDH_2063>40</Man_1_FF_FDH_2063><Man_1_FF_FDH_2064>40</Man_1_FF_FDH_2064><Man_1_FF_FDH_2065>40</Man_1_FF_FDH_2065><Man_1_FF_FDH_2066>40</Man_1_FF_FDH_2066><Man_1_FF_FDH_2067>40</Man_1_FF_FDH_2067><Man_1_FF_FDH_2068>40</Man_1_FF_FDH_2068><Man_1_FF_FDH_2069>40</Man_1_FF_FDH_2069><Man_1_FF_FDH_2070>40</Man_1_FF_FDH_2070><Man_1_TF_SG_2019></Man_1_TF_SG_2019><Man_1_TF_SG_2020></Man_1_TF_SG_2020><Man_1_TF_SG_2021></Man_1_TF_SG_2021><Man_1_TF_SG_2022></Man_1_TF_SG_2022><Man_1_TF_SG_2023></Man_1_TF_SG_2023><Man_1_TF_SG_2024></Man_1_TF_SG_2024><Man_1_TF_SG_2025></Man_1_TF_SG_2025><Man_1_TF_SG_2026></Man_1_TF_SG_2026><Man_1_TF_SG_2027></Man_1_TF_SG_2027><Man_1_TF_SG_2028></Man_1_TF_SG_2028><Man_1_TF_SG_2029></Man_1_TF_SG_2029><Man_1_TF_SG_2030></Man_1_TF_SG_2030><Man_1_TF_SG_2031></Man_1_TF_SG_2031><Man_1_TF_SG_2032></Man_1_TF_SG_2032><Man_1_TF_SG_2033></Man_1_TF_SG_2033><Man_1_TF_SG_2034></Man_1_TF_SG_2034><Man_1_TF_SG_2035></Man_1_TF_SG_2035><Man_1_TF_SG_2036></Man_1_TF_SG_2036><Man_1_TF_SG_2037></Man_1_TF_SG_2037><Man_1_TF_SG_2038></Man_1_TF_SG_2038><Man_1_TF_SG_2039></Man_1_TF_SG_2039><Man_1_TF_SG_2040></Man_1_TF_SG_2040><Man_1_TF_SG_2041></Man_1_TF_SG_2041><Man_1_TF_SG_2042></Man_1_TF_SG_2042><Man_1_TF_SG_2043></Man_1_TF_SG_2043><Man_1_TF_SG_2044></Man_1_TF_SG_2044><Man_1_TF_SG_2045></Man_1_TF_SG_2045><Man_1_TF_SG_2046></Man_1_TF_SG_2046><Man_1_TF_SG_2047></Man_1_TF_SG_2047><Man_1_TF_SG_2048></Man_1_TF_SG_2048><Man_1_TF_SG_2049></Man_1_TF_SG_2049><Man_1_TF_SG_2050></Man_1_TF_SG_2050><Man_1_TF_SG_2051></Man_1_TF_SG_2051><Man_1_TF_SG_2052></Man_1_TF_SG_2052><Man_1_TF_SG_2053></Man_1_TF_SG_2053><Man_1_TF_SG_2054></Man_1_TF_SG_2054><Man_1_TF_SG_2055></Man_1_TF_SG_2055><Man_1_TF_SG_2056></Man_1_TF_SG_2056><Man_1_TF_SG_2057></Man_1_TF_SG_2057><Man_1_TF_SG_2058></Man_1_TF_SG_2058><Man_1_TF_SG_2059></Man_1_TF_SG_2059><Man_1_TF_SG_2060></Man_1_TF_SG_2060><Man_1_TF_SG_2061></Man_1_TF_SG_2061><Man_1_TF_SG_2062></Man_1_TF_SG_2062><Man_1_TF_SG_2063></Man_1_TF_SG_2063><Man_1_TF_SG_2064></Man_1_TF_SG_2064><Man_1_TF_SG_2065></Man_1_TF_SG_2065><Man_1_TF_SG_2066></Man_1_TF_SG_2066><Man_1_TF_SG_2067></Man_1_TF_SG_2067><Man_1_TF_SG_2068></Man_1_TF_SG_2068><Man_1_TF_SG_2069></Man_1_TF_SG_2069><Man_1_TF_SG_2070></Man_1_TF_SG_2070><Man_1_MB_SG_2019></Man_1_MB_SG_2019><Man_1_MB_SG_2020></Man_1_MB_SG_2020><Man_1_MB_SG_2021></Man_1_MB_SG_2021><Man_1_MB_SG_2022></Man_1_MB_SG_2022><Man_1_MB_SG_2023></Man_1_MB_SG_2023><Man_1_MB_SG_2024></Man_1_MB_SG_2024><Man_1_MB_SG_2025></Man_1_MB_SG_2025><Man_1_MB_SG_2026></Man_1_MB_SG_2026><Man_1_MB_SG_2027></Man_1_MB_SG_2027><Man_1_MB_SG_2028></Man_1_MB_SG_2028><Man_1_MB_SG_2029></Man_1_MB_SG_2029><Man_1_MB_SG_2030></Man_1_MB_SG_2030><Man_1_MB_SG_2031></Man_1_MB_SG_2031><Man_1_MB_SG_2032></Man_1_MB_SG_2032><Man_1_MB_SG_2033></Man_1_MB_SG_2033><Man_1_MB_SG_2034></Man_1_MB_SG_2034><Man_1_MB_SG_2035></Man_1_MB_SG_2035><Man_1_MB_SG_2036></Man_1_MB_SG_2036><Man_1_MB_SG_2037></Man_1_MB_SG_2037><Man_1_MB_SG_2038></Man_1_MB_SG_2038><Man_1_MB_SG_2039></Man_1_MB_SG_2039><Man_1_MB_SG_2040></Man_1_MB_SG_2040><Man_1_MB_SG_2041></Man_1_MB_SG_2041><Man_1_MB_SG_2042></Man_1_MB_SG_2042><Man_1_MB_SG_2043></Man_1_MB_SG_2043><Man_1_MB_SG_2044></Man_1_MB_SG_2044><Man_1_MB_SG_2045></Man_1_MB_SG_2045><Man_1_MB_SG_2046></Man_1_MB_SG_2046><Man_1_MB_SG_2047></Man_1_MB_SG_2047><Man_1_MB_SG_2048></Man_1_MB_SG_2048><Man_1_MB_SG_2049></Man_1_MB_SG_2049><Man_1_MB_SG_2050></Man_1_MB_SG_2050><Man_1_MB_SG_2051></Man_1_MB_SG_2051><Man_1_MB_SG_2052></Man_1_MB_SG_2052><Man_1_MB_SG_2053></Man_1_MB_SG_2053><Man_1_MB_SG_2054></Man_1_MB_SG_2054><Man_1_MB_SG_2055></Man_1_MB_SG_2055><Man_1_MB_SG_2056></Man_1_MB_SG_2056><Man_1_MB_SG_2057></Man_1_MB_SG_2057><Man_1_MB_SG_2058></Man_1_MB_SG_2058><Man_1_MB_SG_2059></Man_1_MB_SG_2059><Man_1_MB_SG_2060></Man_1_MB_SG_2060><Man_1_MB_SG_2061></Man_1_MB_SG_2061><Man_1_MB_SG_2062></Man_1_MB_SG_2062><Man_1_MB_SG_2063></Man_1_MB_SG_2063><Man_1_MB_SG_2064></Man_1_MB_SG_2064><Man_1_MB_SG_2065></Man_1_MB_SG_2065><Man_1_MB_SG_2066></Man_1_MB_SG_2066><Man_1_MB_SG_2067></Man_1_MB_SG_2067><Man_1_MB_SG_2068></Man_1_MB_SG_2068><Man_1_MB_SG_2069></Man_1_MB_SG_2069><Man_1_MB_SG_2070></Man_1_MB_SG_2070><Man_1_FF_SG_2019></Man_1_FF_SG_2019><Man_1_FF_SG_2020></Man_1_FF_SG_2020><Man_1_FF_SG_2021></Man_1_FF_SG_2021><Man_1_FF_SG_2022></Man_1_FF_SG_2022><Man_1_FF_SG_2023></Man_1_FF_SG_2023><Man_1_FF_SG_2024></Man_1_FF_SG_2024><Man_1_FF_SG_2025></Man_1_FF_SG_2025><Man_1_FF_SG_2026></Man_1_FF_SG_2026><Man_1_FF_SG_2027></Man_1_FF_SG_2027><Man_1_FF_SG_2028></Man_1_FF_SG_2028><Man_1_FF_SG_2029></Man_1_FF_SG_2029><Man_1_FF_SG_2030></Man_1_FF_SG_2030><Man_1_FF_SG_2031></Man_1_FF_SG_2031><Man_1_FF_SG_2032></Man_1_FF_SG_2032><Man_1_FF_SG_2033></Man_1_FF_SG_2033><Man_1_FF_SG_2034></Man_1_FF_SG_2034><Man_1_FF_SG_2035></Man_1_FF_SG_2035><Man_1_FF_SG_2036></Man_1_FF_SG_2036><Man_1_FF_SG_2037></Man_1_FF_SG_2037><Man_1_FF_SG_2038></Man_1_FF_SG_2038><Man_1_FF_SG_2039></Man_1_FF_SG_2039><Man_1_FF_SG_2040></Man_1_FF_SG_2040><Man_1_FF_SG_2041></Man_1_FF_SG_2041><Man_1_FF_SG_2042></Man_1_FF_SG_2042><Man_1_FF_SG_2043></Man_1_FF_SG_2043><Man_1_FF_SG_2044></Man_1_FF_SG_2044><Man_1_FF_SG_2045></Man_1_FF_SG_2045><Man_1_FF_SG_2046></Man_1_FF_SG_2046><Man_1_FF_SG_2047></Man_1_FF_SG_2047><Man_1_FF_SG_2048></Man_1_FF_SG_2048><Man_1_FF_SG_2049></Man_1_FF_SG_2049><Man_1_FF_SG_2050></Man_1_FF_SG_2050><Man_1_FF_SG_2051></Man_1_FF_SG_2051><Man_1_FF_SG_2052></Man_1_FF_SG_2052><Man_1_FF_SG_2053></Man_1_FF_SG_2053><Man_1_FF_SG_2054></Man_1_FF_SG_2054><Man_1_FF_SG_2055></Man_1_FF_SG_2055><Man_1_FF_SG_2056></Man_1_FF_SG_2056><Man_1_FF_SG_2057></Man_1_FF_SG_2057><Man_1_FF_SG_2058></Man_1_FF_SG_2058><Man_1_FF_SG_2059></Man_1_FF_SG_2059><Man_1_FF_SG_2060></Man_1_FF_SG_2060><Man_1_FF_SG_2061></Man_1_FF_SG_2061><Man_1_FF_SG_2062></Man_1_FF_SG_2062><Man_1_FF_SG_2063></Man_1_FF_SG_2063><Man_1_FF_SG_2064></Man_1_FF_SG_2064><Man_1_FF_SG_2065></Man_1_FF_SG_2065><Man_1_FF_SG_2066></Man_1_FF_SG_2066><Man_1_FF_SG_2067></Man_1_FF_SG_2067><Man_1_FF_SG_2068></Man_1_FF_SG_2068><Man_1_FF_SG_2069></Man_1_FF_SG_2069><Man_1_FF_SG_2070></Man_1_FF_SG_2070><Man_1_TF_SWH_2019></Man_1_TF_SWH_2019><Man_1_TF_SWH_2020></Man_1_TF_SWH_2020><Man_1_TF_SWH_2021></Man_1_TF_SWH_2021><Man_1_TF_SWH_2022></Man_1_TF_SWH_2022><Man_1_TF_SWH_2023></Man_1_TF_SWH_2023><Man_1_TF_SWH_2024></Man_1_TF_SWH_2024><Man_1_TF_SWH_2025></Man_1_TF_SWH_2025><Man_1_TF_SWH_2026></Man_1_TF_SWH_2026><Man_1_TF_SWH_2027></Man_1_TF_SWH_2027><Man_1_TF_SWH_2028></Man_1_TF_SWH_2028><Man_1_TF_SWH_2029></Man_1_TF_SWH_2029><Man_1_TF_SWH_2030></Man_1_TF_SWH_2030><Man_1_TF_SWH_2031></Man_1_TF_SWH_2031><Man_1_TF_SWH_2032></Man_1_TF_SWH_2032><Man_1_TF_SWH_2033></Man_1_TF_SWH_2033><Man_1_TF_SWH_2034></Man_1_TF_SWH_2034><Man_1_TF_SWH_2035></Man_1_TF_SWH_2035><Man_1_TF_SWH_2036></Man_1_TF_SWH_2036><Man_1_TF_SWH_2037></Man_1_TF_SWH_2037><Man_1_TF_SWH_2038></Man_1_TF_SWH_2038><Man_1_TF_SWH_2039></Man_1_TF_SWH_2039><Man_1_TF_SWH_2040></Man_1_TF_SWH_2040><Man_1_TF_SWH_2041></Man_1_TF_SWH_2041><Man_1_TF_SWH_2042></Man_1_TF_SWH_2042><Man_1_TF_SWH_2043></Man_1_TF_SWH_2043><Man_1_TF_SWH_2044></Man_1_TF_SWH_2044><Man_1_TF_SWH_2045></Man_1_TF_SWH_2045><Man_1_TF_SWH_2046></Man_1_TF_SWH_2046><Man_1_TF_SWH_2047></Man_1_TF_SWH_2047><Man_1_TF_SWH_2048></Man_1_TF_SWH_2048><Man_1_TF_SWH_2049></Man_1_TF_SWH_2049><Man_1_TF_SWH_2050></Man_1_TF_SWH_2050><Man_1_TF_SWH_2051></Man_1_TF_SWH_2051><Man_1_TF_SWH_2052></Man_1_TF_SWH_2052><Man_1_TF_SWH_2053></Man_1_TF_SWH_2053><Man_1_TF_SWH_2054></Man_1_TF_SWH_2054><Man_1_TF_SWH_2055></Man_1_TF_SWH_2055><Man_1_TF_SWH_2056></Man_1_TF_SWH_2056><Man_1_TF_SWH_2057></Man_1_TF_SWH_2057><Man_1_TF_SWH_2058></Man_1_TF_SWH_2058><Man_1_TF_SWH_2059></Man_1_TF_SWH_2059><Man_1_TF_SWH_2060></Man_1_TF_SWH_2060><Man_1_TF_SWH_2061></Man_1_TF_SWH_2061><Man_1_TF_SWH_2062></Man_1_TF_SWH_2062><Man_1_TF_SWH_2063></Man_1_TF_SWH_2063><Man_1_TF_SWH_2064></Man_1_TF_SWH_2064><Man_1_TF_SWH_2065></Man_1_TF_SWH_2065><Man_1_TF_SWH_2066></Man_1_TF_SWH_2066><Man_1_TF_SWH_2067></Man_1_TF_SWH_2067><Man_1_TF_SWH_2068></Man_1_TF_SWH_2068><Man_1_TF_SWH_2069></Man_1_TF_SWH_2069><Man_1_TF_SWH_2070></Man_1_TF_SWH_2070><Man_1_MB_SWH_2019></Man_1_MB_SWH_2019><Man_1_MB_SWH_2020></Man_1_MB_SWH_2020><Man_1_MB_SWH_2021></Man_1_MB_SWH_2021><Man_1_MB_SWH_2022></Man_1_MB_SWH_2022><Man_1_MB_SWH_2023></Man_1_MB_SWH_2023><Man_1_MB_SWH_2024></Man_1_MB_SWH_2024><Man_1_MB_SWH_2025></Man_1_MB_SWH_2025><Man_1_MB_SWH_2026></Man_1_MB_SWH_2026><Man_1_MB_SWH_2027></Man_1_MB_SWH_2027><Man_1_MB_SWH_2028></Man_1_MB_SWH_2028><Man_1_MB_SWH_2029></Man_1_MB_SWH_2029><Man_1_MB_SWH_2030></Man_1_MB_SWH_2030><Man_1_MB_SWH_2031></Man_1_MB_SWH_2031><Man_1_MB_SWH_2032></Man_1_MB_SWH_2032><Man_1_MB_SWH_2033></Man_1_MB_SWH_2033><Man_1_MB_SWH_2034></Man_1_MB_SWH_2034><Man_1_MB_SWH_2035></Man_1_MB_SWH_2035><Man_1_MB_SWH_2036></Man_1_MB_SWH_2036><Man_1_MB_SWH_2037></Man_1_MB_SWH_2037><Man_1_MB_SWH_2038></Man_1_MB_SWH_2038><Man_1_MB_SWH_2039></Man_1_MB_SWH_2039><Man_1_MB_SWH_2040></Man_1_MB_SWH_2040><Man_1_MB_SWH_2041></Man_1_MB_SWH_2041><Man_1_MB_SWH_2042></Man_1_MB_SWH_2042><Man_1_MB_SWH_2043></Man_1_MB_SWH_2043><Man_1_MB_SWH_2044></Man_1_MB_SWH_2044><Man_1_MB_SWH_2045></Man_1_MB_SWH_2045><Man_1_MB_SWH_2046></Man_1_MB_SWH_2046><Man_1_MB_SWH_2047></Man_1_MB_SWH_2047><Man_1_MB_SWH_2048></Man_1_MB_SWH_2048><Man_1_MB_SWH_2049></Man_1_MB_SWH_2049><Man_1_MB_SWH_2050></Man_1_MB_SWH_2050><Man_1_MB_SWH_2051></Man_1_MB_SWH_2051><Man_1_MB_SWH_2052></Man_1_MB_SWH_2052><Man_1_MB_SWH_2053></Man_1_MB_SWH_2053><Man_1_MB_SWH_2054></Man_1_MB_SWH_2054><Man_1_MB_SWH_2055></Man_1_MB_SWH_2055><Man_1_MB_SWH_2056></Man_1_MB_SWH_2056><Man_1_MB_SWH_2057></Man_1_MB_SWH_2057><Man_1_MB_SWH_2058></Man_1_MB_SWH_2058><Man_1_MB_SWH_2059></Man_1_MB_SWH_2059><Man_1_MB_SWH_2060></Man_1_MB_SWH_2060><Man_1_MB_SWH_2061></Man_1_MB_SWH_2061><Man_1_MB_SWH_2062></Man_1_MB_SWH_2062><Man_1_MB_SWH_2063></Man_1_MB_SWH_2063><Man_1_MB_SWH_2064></Man_1_MB_SWH_2064><Man_1_MB_SWH_2065></Man_1_MB_SWH_2065><Man_1_MB_SWH_2066></Man_1_MB_SWH_2066><Man_1_MB_SWH_2067></Man_1_MB_SWH_2067><Man_1_MB_SWH_2068></Man_1_MB_SWH_2068><Man_1_MB_SWH_2069></Man_1_MB_SWH_2069><Man_1_MB_SWH_2070></Man_1_MB_SWH_2070><Man_1_FF_SWH_2019>50</Man_1_FF_SWH_2019><Man_1_FF_SWH_2020>50</Man_1_FF_SWH_2020><Man_1_FF_SWH_2021>50</Man_1_FF_SWH_2021><Man_1_FF_SWH_2022>50</Man_1_FF_SWH_2022><Man_1_FF_SWH_2023>50</Man_1_FF_SWH_2023><Man_1_FF_SWH_2024>50</Man_1_FF_SWH_2024><Man_1_FF_SWH_2025>50</Man_1_FF_SWH_2025><Man_1_FF_SWH_2026>50</Man_1_FF_SWH_2026><Man_1_FF_SWH_2027>50</Man_1_FF_SWH_2027><Man_1_FF_SWH_2028>50</Man_1_FF_SWH_2028><Man_1_FF_SWH_2029>50</Man_1_FF_SWH_2029><Man_1_FF_SWH_2030>50</Man_1_FF_SWH_2030><Man_1_FF_SWH_2031>50</Man_1_FF_SWH_2031><Man_1_FF_SWH_2032>50</Man_1_FF_SWH_2032><Man_1_FF_SWH_2033>50</Man_1_FF_SWH_2033><Man_1_FF_SWH_2034>50</Man_1_FF_SWH_2034><Man_1_FF_SWH_2035>50</Man_1_FF_SWH_2035><Man_1_FF_SWH_2036>50</Man_1_FF_SWH_2036><Man_1_FF_SWH_2037>50</Man_1_FF_SWH_2037><Man_1_FF_SWH_2038>50</Man_1_FF_SWH_2038><Man_1_FF_SWH_2039>50</Man_1_FF_SWH_2039><Man_1_FF_SWH_2040>50</Man_1_FF_SWH_2040><Man_1_FF_SWH_2041>50</Man_1_FF_SWH_2041><Man_1_FF_SWH_2042>50</Man_1_FF_SWH_2042><Man_1_FF_SWH_2043>50</Man_1_FF_SWH_2043><Man_1_FF_SWH_2044>50</Man_1_FF_SWH_2044><Man_1_FF_SWH_2045>50</Man_1_FF_SWH_2045><Man_1_FF_SWH_2046>50</Man_1_FF_SWH_2046><Man_1_FF_SWH_2047>50</Man_1_FF_SWH_2047><Man_1_FF_SWH_2048>50</Man_1_FF_SWH_2048><Man_1_FF_SWH_2049>50</Man_1_FF_SWH_2049><Man_1_FF_SWH_2050>50</Man_1_FF_SWH_2050><Man_1_FF_SWH_2051>50</Man_1_FF_SWH_2051><Man_1_FF_SWH_2052>50</Man_1_FF_SWH_2052><Man_1_FF_SWH_2053>50</Man_1_FF_SWH_2053><Man_1_FF_SWH_2054>50</Man_1_FF_SWH_2054><Man_1_FF_SWH_2055>50</Man_1_FF_SWH_2055><Man_1_FF_SWH_2056>50</Man_1_FF_SWH_2056><Man_1_FF_SWH_2057>50</Man_1_FF_SWH_2057><Man_1_FF_SWH_2058>50</Man_1_FF_SWH_2058><Man_1_FF_SWH_2059>50</Man_1_FF_SWH_2059><Man_1_FF_SWH_2060>50</Man_1_FF_SWH_2060><Man_1_FF_SWH_2061>50</Man_1_FF_SWH_2061><Man_1_FF_SWH_2062>50</Man_1_FF_SWH_2062><Man_1_FF_SWH_2063>50</Man_1_FF_SWH_2063><Man_1_FF_SWH_2064>50</Man_1_FF_SWH_2064><Man_1_FF_SWH_2065>50</Man_1_FF_SWH_2065><Man_1_FF_SWH_2066>50</Man_1_FF_SWH_2066><Man_1_FF_SWH_2067>50</Man_1_FF_SWH_2067><Man_1_FF_SWH_2068>50</Man_1_FF_SWH_2068><Man_1_FF_SWH_2069>50</Man_1_FF_SWH_2069><Man_1_FF_SWH_2070>50</Man_1_FF_SWH_2070><Man_1_HPC_2019></Man_1_HPC_2019><Man_1_HPC_2020></Man_1_HPC_2020><Man_1_HPC_2021></Man_1_HPC_2021><Man_1_HPC_2022></Man_1_HPC_2022><Man_1_HPC_2023></Man_1_HPC_2023><Man_1_HPC_2024></Man_1_HPC_2024><Man_1_HPC_2025></Man_1_HPC_2025><Man_1_HPC_2026></Man_1_HPC_2026><Man_1_HPC_2027></Man_1_HPC_2027><Man_1_HPC_2028></Man_1_HPC_2028><Man_1_HPC_2029></Man_1_HPC_2029><Man_1_HPC_2030></Man_1_HPC_2030><Man_1_HPC_2031></Man_1_HPC_2031><Man_1_HPC_2032></Man_1_HPC_2032><Man_1_HPC_2033></Man_1_HPC_2033><Man_1_HPC_2034></Man_1_HPC_2034><Man_1_HPC_2035></Man_1_HPC_2035><Man_1_HPC_2036></Man_1_HPC_2036><Man_1_HPC_2037></Man_1_HPC_2037><Man_1_HPC_2038></Man_1_HPC_2038><Man_1_HPC_2039></Man_1_HPC_2039><Man_1_HPC_2040></Man_1_HPC_2040><Man_1_HPC_2041></Man_1_HPC_2041><Man_1_HPC_2042></Man_1_HPC_2042><Man_1_HPC_2043></Man_1_HPC_2043><Man_1_HPC_2044></Man_1_HPC_2044><Man_1_HPC_2045></Man_1_HPC_2045><Man_1_HPC_2046></Man_1_HPC_2046><Man_1_HPC_2047></Man_1_HPC_2047><Man_1_HPC_2048></Man_1_HPC_2048><Man_1_HPC_2049></Man_1_HPC_2049><Man_1_HPC_2050></Man_1_HPC_2050><Man_1_HPC_2051></Man_1_HPC_2051><Man_1_HPC_2052></Man_1_HPC_2052><Man_1_HPC_2053></Man_1_HPC_2053><Man_1_HPC_2054></Man_1_HPC_2054><Man_1_HPC_2055></Man_1_HPC_2055><Man_1_HPC_2056></Man_1_HPC_2056><Man_1_HPC_2057></Man_1_HPC_2057><Man_1_HPC_2058></Man_1_HPC_2058><Man_1_HPC_2059></Man_1_HPC_2059><Man_1_HPC_2060></Man_1_HPC_2060><Man_1_HPC_2061></Man_1_HPC_2061><Man_1_HPC_2062></Man_1_HPC_2062><Man_1_HPC_2063></Man_1_HPC_2063><Man_1_HPC_2064></Man_1_HPC_2064><Man_1_HPC_2065></Man_1_HPC_2065><Man_1_HPC_2066></Man_1_HPC_2066><Man_1_HPC_2067></Man_1_HPC_2067><Man_1_HPC_2068></Man_1_HPC_2068><Man_1_HPC_2069></Man_1_HPC_2069><Man_1_HPC_2070></Man_1_HPC_2070><Man_1_SOS_2019></Man_1_SOS_2019><Man_1_SOS_2020></Man_1_SOS_2020><Man_1_SOS_2021></Man_1_SOS_2021><Man_1_SOS_2022></Man_1_SOS_2022><Man_1_SOS_2023></Man_1_SOS_2023><Man_1_SOS_2024></Man_1_SOS_2024><Man_1_SOS_2025></Man_1_SOS_2025><Man_1_SOS_2026></Man_1_SOS_2026><Man_1_SOS_2027></Man_1_SOS_2027><Man_1_SOS_2028></Man_1_SOS_2028><Man_1_SOS_2029></Man_1_SOS_2029><Man_1_SOS_2030></Man_1_SOS_2030><Man_1_SOS_2031></Man_1_SOS_2031><Man_1_SOS_2032></Man_1_SOS_2032><Man_1_SOS_2033></Man_1_SOS_2033><Man_1_SOS_2034></Man_1_SOS_2034><Man_1_SOS_2035></Man_1_SOS_2035><Man_1_SOS_2036></Man_1_SOS_2036><Man_1_SOS_2037></Man_1_SOS_2037><Man_1_SOS_2038></Man_1_SOS_2038><Man_1_SOS_2039></Man_1_SOS_2039><Man_1_SOS_2040></Man_1_SOS_2040><Man_1_SOS_2041></Man_1_SOS_2041><Man_1_SOS_2042></Man_1_SOS_2042><Man_1_SOS_2043></Man_1_SOS_2043><Man_1_SOS_2044></Man_1_SOS_2044><Man_1_SOS_2045></Man_1_SOS_2045><Man_1_SOS_2046></Man_1_SOS_2046><Man_1_SOS_2047></Man_1_SOS_2047><Man_1_SOS_2048></Man_1_SOS_2048><Man_1_SOS_2049></Man_1_SOS_2049><Man_1_SOS_2050></Man_1_SOS_2050><Man_1_SOS_2051></Man_1_SOS_2051><Man_1_SOS_2052></Man_1_SOS_2052><Man_1_SOS_2053></Man_1_SOS_2053><Man_1_SOS_2054></Man_1_SOS_2054><Man_1_SOS_2055></Man_1_SOS_2055><Man_1_SOS_2056></Man_1_SOS_2056><Man_1_SOS_2057></Man_1_SOS_2057><Man_1_SOS_2058></Man_1_SOS_2058><Man_1_SOS_2059></Man_1_SOS_2059><Man_1_SOS_2060></Man_1_SOS_2060><Man_1_SOS_2061></Man_1_SOS_2061><Man_1_SOS_2062></Man_1_SOS_2062><Man_1_SOS_2063></Man_1_SOS_2063><Man_1_SOS_2064></Man_1_SOS_2064><Man_1_SOS_2065></Man_1_SOS_2065><Man_1_SOS_2066></Man_1_SOS_2066><Man_1_SOS_2067></Man_1_SOS_2067><Man_1_SOS_2068></Man_1_SOS_2068><Man_1_SOS_2069></Man_1_SOS_2069><Man_1_SOS_2070></Man_1_SOS_2070><Man_1_CGE_2019></Man_1_CGE_2019><Man_1_CGE_2020></Man_1_CGE_2020><Man_1_CGE_2021></Man_1_CGE_2021><Man_1_CGE_2022></Man_1_CGE_2022><Man_1_CGE_2023></Man_1_CGE_2023><Man_1_CGE_2024></Man_1_CGE_2024><Man_1_CGE_2025></Man_1_CGE_2025><Man_1_CGE_2026></Man_1_CGE_2026><Man_1_CGE_2027></Man_1_CGE_2027><Man_1_CGE_2028></Man_1_CGE_2028><Man_1_CGE_2029></Man_1_CGE_2029><Man_1_CGE_2030></Man_1_CGE_2030><Man_1_CGE_2031></Man_1_CGE_2031><Man_1_CGE_2032></Man_1_CGE_2032><Man_1_CGE_2033></Man_1_CGE_2033><Man_1_CGE_2034></Man_1_CGE_2034><Man_1_CGE_2035></Man_1_CGE_2035><Man_1_CGE_2036></Man_1_CGE_2036><Man_1_CGE_2037></Man_1_CGE_2037><Man_1_CGE_2038></Man_1_CGE_2038><Man_1_CGE_2039></Man_1_CGE_2039><Man_1_CGE_2040></Man_1_CGE_2040><Man_1_CGE_2041></Man_1_CGE_2041><Man_1_CGE_2042></Man_1_CGE_2042><Man_1_CGE_2043></Man_1_CGE_2043><Man_1_CGE_2044></Man_1_CGE_2044><Man_1_CGE_2045></Man_1_CGE_2045><Man_1_CGE_2046></Man_1_CGE_2046><Man_1_CGE_2047></Man_1_CGE_2047><Man_1_CGE_2048></Man_1_CGE_2048><Man_1_CGE_2049></Man_1_CGE_2049><Man_1_CGE_2050></Man_1_CGE_2050><Man_1_CGE_2051></Man_1_CGE_2051><Man_1_CGE_2052></Man_1_CGE_2052><Man_1_CGE_2053></Man_1_CGE_2053><Man_1_CGE_2054></Man_1_CGE_2054><Man_1_CGE_2055></Man_1_CGE_2055><Man_1_CGE_2056></Man_1_CGE_2056><Man_1_CGE_2057></Man_1_CGE_2057><Man_1_CGE_2058></Man_1_CGE_2058><Man_1_CGE_2059></Man_1_CGE_2059><Man_1_CGE_2060></Man_1_CGE_2060><Man_1_CGE_2061></Man_1_CGE_2061><Man_1_CGE_2062></Man_1_CGE_2062><Man_1_CGE_2063></Man_1_CGE_2063><Man_1_CGE_2064></Man_1_CGE_2064><Man_1_CGE_2065></Man_1_CGE_2065><Man_1_CGE_2066></Man_1_CGE_2066><Man_1_CGE_2067></Man_1_CGE_2067><Man_1_CGE_2068></Man_1_CGE_2068><Man_1_CGE_2069></Man_1_CGE_2069><Man_1_CGE_2070></Man_1_CGE_2070><Man_1_BD_2019></Man_1_BD_2019><Man_1_BD_2020></Man_1_BD_2020><Man_1_BD_2021></Man_1_BD_2021><Man_1_BD_2022></Man_1_BD_2022><Man_1_BD_2023></Man_1_BD_2023><Man_1_BD_2024></Man_1_BD_2024><Man_1_BD_2025></Man_1_BD_2025><Man_1_BD_2026></Man_1_BD_2026><Man_1_BD_2027></Man_1_BD_2027><Man_1_BD_2028></Man_1_BD_2028><Man_1_BD_2029></Man_1_BD_2029><Man_1_BD_2030></Man_1_BD_2030><Man_1_BD_2031></Man_1_BD_2031><Man_1_BD_2032></Man_1_BD_2032><Man_1_BD_2033></Man_1_BD_2033><Man_1_BD_2034></Man_1_BD_2034><Man_1_BD_2035></Man_1_BD_2035><Man_1_BD_2036></Man_1_BD_2036><Man_1_BD_2037></Man_1_BD_2037><Man_1_BD_2038></Man_1_BD_2038><Man_1_BD_2039></Man_1_BD_2039><Man_1_BD_2040></Man_1_BD_2040><Man_1_BD_2041></Man_1_BD_2041><Man_1_BD_2042></Man_1_BD_2042><Man_1_BD_2043></Man_1_BD_2043><Man_1_BD_2044></Man_1_BD_2044><Man_1_BD_2045></Man_1_BD_2045><Man_1_BD_2046></Man_1_BD_2046><Man_1_BD_2047></Man_1_BD_2047><Man_1_BD_2048></Man_1_BD_2048><Man_1_BD_2049></Man_1_BD_2049><Man_1_BD_2050></Man_1_BD_2050><Man_1_BD_2051></Man_1_BD_2051><Man_1_BD_2052></Man_1_BD_2052><Man_1_BD_2053></Man_1_BD_2053><Man_1_BD_2054></Man_1_BD_2054><Man_1_BD_2055></Man_1_BD_2055><Man_1_BD_2056></Man_1_BD_2056><Man_1_BD_2057></Man_1_BD_2057><Man_1_BD_2058></Man_1_BD_2058><Man_1_BD_2059></Man_1_BD_2059><Man_1_BD_2060></Man_1_BD_2060><Man_1_BD_2061></Man_1_BD_2061><Man_1_BD_2062></Man_1_BD_2062><Man_1_BD_2063></Man_1_BD_2063><Man_1_BD_2064></Man_1_BD_2064><Man_1_BD_2065></Man_1_BD_2065><Man_1_BD_2066></Man_1_BD_2066><Man_1_BD_2067></Man_1_BD_2067><Man_1_BD_2068></Man_1_BD_2068><Man_1_BD_2069></Man_1_BD_2069><Man_1_BD_2070></Man_1_BD_2070><Man_1_MBS_2019></Man_1_MBS_2019><Man_1_MBS_2020></Man_1_MBS_2020><Man_1_MBS_2021></Man_1_MBS_2021><Man_1_MBS_2022></Man_1_MBS_2022><Man_1_MBS_2023></Man_1_MBS_2023><Man_1_MBS_2024></Man_1_MBS_2024><Man_1_MBS_2025></Man_1_MBS_2025><Man_1_MBS_2026></Man_1_MBS_2026><Man_1_MBS_2027></Man_1_MBS_2027><Man_1_MBS_2028></Man_1_MBS_2028><Man_1_MBS_2029></Man_1_MBS_2029><Man_1_MBS_2030></Man_1_MBS_2030><Man_1_MBS_2031></Man_1_MBS_2031><Man_1_MBS_2032></Man_1_MBS_2032><Man_1_MBS_2033></Man_1_MBS_2033><Man_1_MBS_2034></Man_1_MBS_2034><Man_1_MBS_2035></Man_1_MBS_2035><Man_1_MBS_2036></Man_1_MBS_2036><Man_1_MBS_2037></Man_1_MBS_2037><Man_1_MBS_2038></Man_1_MBS_2038><Man_1_MBS_2039></Man_1_MBS_2039><Man_1_MBS_2040></Man_1_MBS_2040><Man_1_MBS_2041></Man_1_MBS_2041><Man_1_MBS_2042></Man_1_MBS_2042><Man_1_MBS_2043></Man_1_MBS_2043><Man_1_MBS_2044></Man_1_MBS_2044><Man_1_MBS_2045></Man_1_MBS_2045><Man_1_MBS_2046></Man_1_MBS_2046><Man_1_MBS_2047></Man_1_MBS_2047><Man_1_MBS_2048></Man_1_MBS_2048><Man_1_MBS_2049></Man_1_MBS_2049><Man_1_MBS_2050></Man_1_MBS_2050><Man_1_MBS_2051></Man_1_MBS_2051><Man_1_MBS_2052></Man_1_MBS_2052><Man_1_MBS_2053></Man_1_MBS_2053><Man_1_MBS_2054></Man_1_MBS_2054><Man_1_MBS_2055></Man_1_MBS_2055><Man_1_MBS_2056></Man_1_MBS_2056><Man_1_MBS_2057></Man_1_MBS_2057><Man_1_MBS_2058></Man_1_MBS_2058><Man_1_MBS_2059></Man_1_MBS_2059><Man_1_MBS_2060></Man_1_MBS_2060><Man_1_MBS_2061></Man_1_MBS_2061><Man_1_MBS_2062></Man_1_MBS_2062><Man_1_MBS_2063></Man_1_MBS_2063><Man_1_MBS_2064></Man_1_MBS_2064><Man_1_MBS_2065></Man_1_MBS_2065><Man_1_MBS_2066></Man_1_MBS_2066><Man_1_MBS_2067></Man_1_MBS_2067><Man_1_MBS_2068></Man_1_MBS_2068><Man_1_MBS_2069></Man_1_MBS_2069><Man_1_MBS_2070></Man_1_MBS_2070><CA_2019></CA_2019><CA_2020></CA_2020><CA_2021></CA_2021><CA_2022></CA_2022><CA_2023></CA_2023><CA_2024></CA_2024><CA_2025></CA_2025><CA_2026></CA_2026><CA_2027></CA_2027><CA_2028></CA_2028><CA_2029></CA_2029><CA_2030></CA_2030><CA_2031></CA_2031><CA_2032></CA_2032><CA_2033></CA_2033><CA_2034></CA_2034><CA_2035></CA_2035><CA_2036></CA_2036><CA_2037></CA_2037><CA_2038></CA_2038><CA_2039></CA_2039><CA_2040></CA_2040><CA_2041></CA_2041><CA_2042></CA_2042><CA_2043></CA_2043><CA_2044></CA_2044><CA_2045></CA_2045><CA_2046></CA_2046><CA_2047></CA_2047><CA_2048></CA_2048><CA_2049></CA_2049><CA_2050></CA_2050><CA_2051></CA_2051><CA_2052></CA_2052><CA_2053></CA_2053><CA_2054></CA_2054><CA_2055></CA_2055><CA_2056></CA_2056><CA_2057></CA_2057><CA_2058></CA_2058><CA_2059></CA_2059><CA_2060></CA_2060><CA_2061></CA_2061><CA_2062></CA_2062><CA_2063></CA_2063><CA_2064></CA_2064><CA_2065></CA_2065><CA_2066></CA_2066><CA_2067></CA_2067><CA_2068></CA_2068><CA_2069></CA_2069><CA_2070></CA_2070><CB_2019></CB_2019><CB_2020></CB_2020><CB_2021></CB_2021><CB_2022></CB_2022><CB_2023></CB_2023><CB_2024></CB_2024><CB_2025></CB_2025><CB_2026></CB_2026><CB_2027></CB_2027><CB_2028></CB_2028><CB_2029></CB_2029><CB_2030></CB_2030><CB_2031></CB_2031><CB_2032></CB_2032><CB_2033></CB_2033><CB_2034></CB_2034><CB_2035></CB_2035><CB_2036></CB_2036><CB_2037></CB_2037><CB_2038></CB_2038><CB_2039></CB_2039><CB_2040></CB_2040><CB_2041></CB_2041><CB_2042></CB_2042><CB_2043></CB_2043><CB_2044></CB_2044><CB_2045></CB_2045><CB_2046></CB_2046><CB_2047></CB_2047><CB_2048></CB_2048><CB_2049></CB_2049><CB_2050></CB_2050><CB_2051></CB_2051><CB_2052></CB_2052><CB_2053></CB_2053><CB_2054></CB_2054><CB_2055></CB_2055><CB_2056></CB_2056><CB_2057></CB_2057><CB_2058></CB_2058><CB_2059></CB_2059><CB_2060></CB_2060><CB_2061></CB_2061><CB_2062></CB_2062><CB_2063></CB_2063><CB_2064></CB_2064><CB_2065></CB_2065><CB_2066></CB_2066><CB_2067></CB_2067><CB_2068></CB_2068><CB_2069></CB_2069><CB_2070></CB_2070><CC_2019></CC_2019><CC_2020></CC_2020><CC_2021></CC_2021><CC_2022></CC_2022><CC_2023></CC_2023><CC_2024></CC_2024><CC_2025></CC_2025><CC_2026></CC_2026><CC_2027></CC_2027><CC_2028></CC_2028><CC_2029></CC_2029><CC_2030></CC_2030><CC_2031></CC_2031><CC_2032></CC_2032><CC_2033></CC_2033><CC_2034></CC_2034><CC_2035></CC_2035><CC_2036></CC_2036><CC_2037></CC_2037><CC_2038></CC_2038><CC_2039></CC_2039><CC_2040></CC_2040><CC_2041></CC_2041><CC_2042></CC_2042><CC_2043></CC_2043><CC_2044></CC_2044><CC_2045></CC_2045><CC_2046></CC_2046><CC_2047></CC_2047><CC_2048></CC_2048><CC_2049></CC_2049><CC_2050></CC_2050><CC_2051></CC_2051><CC_2052></CC_2052><CC_2053></CC_2053><CC_2054></CC_2054><CC_2055></CC_2055><CC_2056></CC_2056><CC_2057></CC_2057><CC_2058></CC_2058><CC_2059></CC_2059><CC_2060></CC_2060><CC_2061></CC_2061><CC_2062></CC_2062><CC_2063></CC_2063><CC_2064></CC_2064><CC_2065></CC_2065><CC_2066></CC_2066><CC_2067></CC_2067><CC_2068></CC_2068><CC_2069></CC_2069><CC_2070></CC_2070><CD_2019></CD_2019><CD_2020></CD_2020><CD_2021></CD_2021><CD_2022></CD_2022><CD_2023></CD_2023><CD_2024></CD_2024><CD_2025></CD_2025><CD_2026></CD_2026><CD_2027></CD_2027><CD_2028></CD_2028><CD_2029></CD_2029><CD_2030></CD_2030><CD_2031></CD_2031><CD_2032></CD_2032><CD_2033></CD_2033><CD_2034></CD_2034><CD_2035></CD_2035><CD_2036></CD_2036><CD_2037></CD_2037><CD_2038></CD_2038><CD_2039></CD_2039><CD_2040></CD_2040><CD_2041></CD_2041><CD_2042></CD_2042><CD_2043></CD_2043><CD_2044></CD_2044><CD_2045></CD_2045><CD_2046></CD_2046><CD_2047></CD_2047><CD_2048></CD_2048><CD_2049></CD_2049><CD_2050></CD_2050><CD_2051></CD_2051><CD_2052></CD_2052><CD_2053></CD_2053><CD_2054></CD_2054><CD_2055></CD_2055><CD_2056></CD_2056><CD_2057></CD_2057><CD_2058></CD_2058><CD_2059></CD_2059><CD_2060></CD_2060><CD_2061></CD_2061><CD_2062></CD_2062><CD_2063></CD_2063><CD_2064></CD_2064><CD_2065></CD_2065><CD_2066></CD_2066><CD_2067></CD_2067><CD_2068></CD_2068><CD_2069></CD_2069><CD_2070></CD_2070><CE_2019></CE_2019><CE_2020></CE_2020><CE_2021></CE_2021><CE_2022></CE_2022><CE_2023></CE_2023><CE_2024></CE_2024><CE_2025></CE_2025><CE_2026></CE_2026><CE_2027></CE_2027><CE_2028></CE_2028><CE_2029></CE_2029><CE_2030></CE_2030><CE_2031></CE_2031><CE_2032></CE_2032><CE_2033></CE_2033><CE_2034></CE_2034><CE_2035></CE_2035><CE_2036></CE_2036><CE_2037></CE_2037><CE_2038></CE_2038><CE_2039></CE_2039><CE_2040></CE_2040><CE_2041></CE_2041><CE_2042></CE_2042><CE_2043></CE_2043><CE_2044></CE_2044><CE_2045></CE_2045><CE_2046></CE_2046><CE_2047></CE_2047><CE_2048></CE_2048><CE_2049></CE_2049><CE_2050></CE_2050><CE_2051></CE_2051><CE_2052></CE_2052><CE_2053></CE_2053><CE_2054></CE_2054><CE_2055></CE_2055><CE_2056></CE_2056><CE_2057></CE_2057><CE_2058></CE_2058><CE_2059></CE_2059><CE_2060></CE_2060><CE_2061></CE_2061><CE_2062></CE_2062><CE_2063></CE_2063><CE_2064></CE_2064><CE_2065></CE_2065><CE_2066></CE_2066><CE_2067></CE_2067><CE_2068></CE_2068><CE_2069></CE_2069><CE_2070></CE_2070><CF_2019></CF_2019><CF_2020></CF_2020><CF_2021></CF_2021><CF_2022></CF_2022><CF_2023></CF_2023><CF_2024></CF_2024><CF_2025></CF_2025><CF_2026></CF_2026><CF_2027></CF_2027><CF_2028></CF_2028><CF_2029></CF_2029><CF_2030></CF_2030><CF_2031></CF_2031><CF_2032></CF_2032><CF_2033></CF_2033><CF_2034></CF_2034><CF_2035></CF_2035><CF_2036></CF_2036><CF_2037></CF_2037><CF_2038></CF_2038><CF_2039></CF_2039><CF_2040></CF_2040><CF_2041></CF_2041><CF_2042></CF_2042><CF_2043></CF_2043><CF_2044></CF_2044><CF_2045></CF_2045><CF_2046></CF_2046><CF_2047></CF_2047><CF_2048></CF_2048><CF_2049></CF_2049><CF_2050></CF_2050><CF_2051></CF_2051><CF_2052></CF_2052><CF_2053></CF_2053><CF_2054></CF_2054><CF_2055></CF_2055><CF_2056></CF_2056><CF_2057></CF_2057><CF_2058></CF_2058><CF_2059></CF_2059><CF_2060></CF_2060><CF_2061></CF_2061><CF_2062></CF_2062><CF_2063></CF_2063><CF_2064></CF_2064><CF_2065></CF_2065><CF_2066></CF_2066><CF_2067></CF_2067><CF_2068></CF_2068><CF_2069></CF_2069><CF_2070></CF_2070><CG_2019></CG_2019><CG_2020></CG_2020><CG_2021></CG_2021><CG_2022></CG_2022><CG_2023></CG_2023><CG_2024></CG_2024><CG_2025></CG_2025><CG_2026></CG_2026><CG_2027></CG_2027><CG_2028></CG_2028><CG_2029></CG_2029><CG_2030></CG_2030><CG_2031></CG_2031><CG_2032></CG_2032><CG_2033></CG_2033><CG_2034></CG_2034><CG_2035></CG_2035><CG_2036></CG_2036><CG_2037></CG_2037><CG_2038></CG_2038><CG_2039></CG_2039><CG_2040></CG_2040><CG_2041></CG_2041><CG_2042></CG_2042><CG_2043></CG_2043><CG_2044></CG_2044><CG_2045></CG_2045><CG_2046></CG_2046><CG_2047></CG_2047><CG_2048></CG_2048><CG_2049></CG_2049><CG_2050></CG_2050><CG_2051></CG_2051><CG_2052></CG_2052><CG_2053></CG_2053><CG_2054></CG_2054><CG_2055></CG_2055><CG_2056></CG_2056><CG_2057></CG_2057><CG_2058></CG_2058><CG_2059></CG_2059><CG_2060></CG_2060><CG_2061></CG_2061><CG_2062></CG_2062><CG_2063></CG_2063><CG_2064></CG_2064><CG_2065></CG_2065><CG_2066></CG_2066><CG_2067></CG_2067><CG_2068></CG_2068><CG_2069></CG_2069><CG_2070></CG_2070><CH_2019>0</CH_2019><CH_2020>0</CH_2020><CH_2021>0</CH_2021><CH_2022>0</CH_2022><CH_2023>0</CH_2023><CH_2024>0</CH_2024><CH_2025>0</CH_2025><CH_2026>0</CH_2026><CH_2027>0</CH_2027><CH_2028>0</CH_2028><CH_2029>0</CH_2029><CH_2030>0</CH_2030><CH_2031>0</CH_2031><CH_2032>0</CH_2032><CH_2033>0</CH_2033><CH_2034>0</CH_2034><CH_2035>0</CH_2035><CH_2036>0</CH_2036><CH_2037>0</CH_2037><CH_2038>0</CH_2038><CH_2039>0</CH_2039><CH_2040>0</CH_2040><CH_2041>0</CH_2041><CH_2042>0</CH_2042><CH_2043>0</CH_2043><CH_2044>0</CH_2044><CH_2045>0</CH_2045><CH_2046>0</CH_2046><CH_2047>0</CH_2047><CH_2048>0</CH_2048><CH_2049>0</CH_2049><CH_2050>0</CH_2050><CH_2051>0</CH_2051><CH_2052>0</CH_2052><CH_2053>0</CH_2053><CH_2054>0</CH_2054><CH_2055>0</CH_2055><CH_2056>0</CH_2056><CH_2057>0</CH_2057><CH_2058>0</CH_2058><CH_2059>0</CH_2059><CH_2060>0</CH_2060><CH_2061>0</CH_2061><CH_2062>0</CH_2062><CH_2063>0</CH_2063><CH_2064>0</CH_2064><CH_2065>0</CH_2065><CH_2066>0</CH_2066><CH_2067>0</CH_2067><CH_2068>0</CH_2068><CH_2069>0</CH_2069><CH_2070>0</CH_2070><CI_2019>0</CI_2019><CI_2020>0</CI_2020><CI_2021>0</CI_2021><CI_2022>0</CI_2022><CI_2023>0</CI_2023><CI_2024>0</CI_2024><CI_2025>0</CI_2025><CI_2026>0</CI_2026><CI_2027>0</CI_2027><CI_2028>0</CI_2028><CI_2029>0</CI_2029><CI_2030>0</CI_2030><CI_2031>0</CI_2031><CI_2032>0</CI_2032><CI_2033>0</CI_2033><CI_2034>0</CI_2034><CI_2035>0</CI_2035><CI_2036>0</CI_2036><CI_2037>0</CI_2037><CI_2038>0</CI_2038><CI_2039>0</CI_2039><CI_2040>0</CI_2040><CI_2041>0</CI_2041><CI_2042>0</CI_2042><CI_2043>0</CI_2043><CI_2044>0</CI_2044><CI_2045>0</CI_2045><CI_2046>0</CI_2046><CI_2047>0</CI_2047><CI_2048>0</CI_2048><CI_2049>0</CI_2049><CI_2050>0</CI_2050><CI_2051>0</CI_2051><CI_2052>0</CI_2052><CI_2053>0</CI_2053><CI_2054>0</CI_2054><CI_2055>0</CI_2055><CI_2056>0</CI_2056><CI_2057>0</CI_2057><CI_2058>0</CI_2058><CI_2059>0</CI_2059><CI_2060>0</CI_2060><CI_2061>0</CI_2061><CI_2062>0</CI_2062><CI_2063>0</CI_2063><CI_2064>0</CI_2064><CI_2065>0</CI_2065><CI_2066>0</CI_2066><CI_2067>0</CI_2067><CI_2068>0</CI_2068><CI_2069>0</CI_2069><CI_2070>0</CI_2070></row></data></eratiomanuf_data>
